ticker,periodo,ano,periodicidade,periodo_num,irregularidade,irregularidade_curta,tema,procedentes
BBD,2025-T3,2025,trimestre,3,Irregularidades relativas a operações de crédito de saldo devedor de fatura de cartão de crédito (rotativo e parcelamento) e respectiva cobrança de encargos,Irregularidades relativas a operações de crédito de saldo devedor de fatura de cartão de crédito (rotativo e parcelamento) e respectiva cobrança de encargos,Cartão de crédito,796.0
BBD,2025-T3,2025,trimestre,3,"Irregularidades relativas a integridade, confiabilidade, segurança, sigilo ou legitimidade dos serviços relacionados a operações de crédito, exceto consignado","Irregularidades relativas a integridade, confiabilidade, segurança, sigilo ou legitimidade dos serviços relacionados a operações de crédito, exceto consignado",Segurança e fraude,579.0
BBD,2025-T3,2025,trimestre,3,"Irregularidades relativas a integridade, confiabilidade, segurança, sigilo ou legitimidade das operações e serviços relacionados a cartões de crédito","Irregularidades relativas a integridade, confiabilidade, segurança, sigilo ou legitimidade das operações e serviços relacionados a cartões de crédito",Segurança e fraude,567.0
BBD,2025-T3,2025,trimestre,3,Insatisfação com o atendimento prestado pelo SAC ou Central de Relacionamento,Insatisfação com o atendimento prestado pelo SAC ou Central de Relacionamento,Atendimento e informação,495.0
BBD,2025-T3,2025,trimestre,3,Irregularidades relacionadas ao acompanhamento de conta,Irregularidades relacionadas ao acompanhamento de conta,"Conta (abertura, bloqueio, encerramento)",422.0
BBD,2025-T3,2025,trimestre,3,"Débito em conta não autorizado pelo cliente, ou não cumprimento das regras aplicáveis","Débito em conta não autorizado pelo cliente, ou não cumprimento das regras aplicáveis",Tarifas e débitos,253.0
BBD,2025-T3,2025,trimestre,3,"Irregularidades relativas a integridade, confiabilidade, segurança, sigilo ou legitimidade dos serviços relacionados a operações de crédito consignado","Irregularidades relativas a integridade, confiabilidade, segurança, sigilo ou legitimidade dos serviços relacionados a operações de crédito consignado",Segurança e fraude,241.0
BBD,2025-T3,2025,trimestre,3,"Oferta ou prestação de informação sobre produtos e serviços de forma inadequada, exceto as relacionadas a cartão de crédito, conta e serviços acessórios, credenciadora de cartão e operação de crédito","Oferta ou prestação de informação sobre produtos e serviços de forma inadequada, exceto as relacionadas a cartão de crédito, conta e serviços acessórios, credenciadora de cartão e operação de crédito",Atendimento e informação,205.0
BBD,2025-T3,2025,trimestre,3,Concessão de crédito (exceto consignado) sem a formalização do título adequado,Concessão de crédito (exceto consignado) sem a formalização do título adequado,Crédito e empréstimos,169.0
BBD,2025-T3,2025,trimestre,3,Oferta ou prestação de informação sobre o cartão de crédito de forma inadequada,Oferta ou prestação de informação sobre o cartão de crédito de forma inadequada,Cartão de crédito,145.0
BBD,2025-T3,2025,trimestre,3,Não acatamento de solicitação de cancelamento de débitos automáticos em conta ou não cumprimento das regras aplicáveis,Não acatamento de solicitação de cancelamento de débitos automáticos em conta ou não cumprimento das regras aplicáveis,Tarifas e débitos,121.0
BBD,2025-T3,2025,trimestre,3,"Irregularidades relacionadas ao fornecimento de documentos relativos a operação de crédito, exceto para liquidação antecipada e descritivo do crédito.","Irregularidades relacionadas ao fornecimento de documentos relativos a operação de crédito, exceto para liquidação antecipada e descritivo do crédito.",Crédito e empréstimos,109.0
BBD,2025-T3,2025,trimestre,3,"Irregularidades relativas a integridade, confiabilidade, segurança, sigilo ou legitimidade das operações e serviços, exceto as relacionadas a cartão de crédito, cartão de débito, internet banking, ATM, credenciadora e operação de crédito","Irregularidades relativas a integridade, confiabilidade, segurança, sigilo ou legitimidade das operações e serviços, exceto as relacionadas a cartão de crédito, cartão de débito, internet banking, ATM, credenciadora e operação de crédito",Segurança e fraude,109.0
BBD,2025-T3,2025,trimestre,3,"Transações não reconhecidas pelo titular da conta, realizadas por terceiros (invasão de conta) em instituições financeiras","Transações não reconhecidas pelo titular da conta, realizadas por terceiros (invasão de conta) em instituições financeiras",Segurança e fraude,109.0
BBD,2025-T3,2025,trimestre,3,Irregularidades no processo de encerramento de conta de depósitos à vista,Irregularidades no processo de encerramento de conta de depósitos à vista,"Conta (abertura, bloqueio, encerramento)",84.0
BBD,2025-T3,2025,trimestre,3,Irregularidades relacionadas ao fornecimento de informações relativas a operação de crédito contratada (DDC),Irregularidades relacionadas ao fornecimento de informações relativas a operação de crédito contratada (DDC),Crédito e empréstimos,84.0
BBD,2025-T3,2025,trimestre,3,"Irregularidades relativas a integridade, confiabilidade, segurança, sigilo ou legitimidade das operações e serviços disponibilizados em internet banking","Irregularidades relativas a integridade, confiabilidade, segurança, sigilo ou legitimidade das operações e serviços disponibilizados em internet banking",Segurança e fraude,84.0
BBD,2025-T3,2025,trimestre,3,Ausência de título adequado relativo a cartão de crédito,Ausência de título adequado relativo a cartão de crédito,Cartão de crédito,72.0
BBD,2025-T3,2025,trimestre,3,Irregularidades relacionadas ao Sistema de Informações de Crédito do Banco Central (SCR),Irregularidades relacionadas ao Sistema de Informações de Crédito do Banco Central (SCR),"Cadastros (SCR, CCS, SVR)",72.0
BBD,2025-T3,2025,trimestre,3,Irregularidades relacionadas ao fornecimento de documento para liquidação antecipada de operações de crédito,Irregularidades relacionadas ao fornecimento de documento para liquidação antecipada de operações de crédito,Crédito e empréstimos,72.0
BBD,2025-T3,2025,trimestre,3,Oferta ou prestação de informação sobre a conta ou serviços acessórios de forma inadequada,Oferta ou prestação de informação sobre a conta ou serviços acessórios de forma inadequada,Atendimento e informação,72.0
BBD,2025-T3,2025,trimestre,3,"Oferta ou prestação de informação sobre operação de crédito de forma inadequada, exceto crédito consignado","Oferta ou prestação de informação sobre operação de crédito de forma inadequada, exceto crédito consignado",Crédito e empréstimos,72.0
BBD,2025-T3,2025,trimestre,3,Bloqueio de valores ou de conta fora do âmbito do Pix,Bloqueio de valores ou de conta fora do âmbito do Pix,"Conta (abertura, bloqueio, encerramento)",60.0
BBD,2025-T3,2025,trimestre,3,Concessão de crédito consignado sem a formalização do título adequado,Concessão de crédito consignado sem a formalização do título adequado,Crédito e empréstimos,60.0
BBD,2025-T3,2025,trimestre,3,"Irregularidades relativas a integridade, confiabilidade, segurança, sigilo ou legitimidade das operações e serviços relacionados a cartões de débito","Irregularidades relativas a integridade, confiabilidade, segurança, sigilo ou legitimidade das operações e serviços relacionados a cartões de débito",Segurança e fraude,60.0
BBD,2025-T3,2025,trimestre,3,Limites de transação,Limites de transação,Outros,60.0
BBD,2025-T3,2025,trimestre,3,Oferta ou prestação de informação sobre crédito consignado de forma inadequada,Oferta ou prestação de informação sobre crédito consignado de forma inadequada,Crédito e empréstimos,60.0
BBD,2025-T3,2025,trimestre,3,Falta de transparência na redação de documentos,Falta de transparência na redação de documentos,Atendimento e informação,48.0
BBD,2025-T3,2025,trimestre,3,Irregularidades relacionadas ao fornecimento de documentos relativos a cartão de crédito,Irregularidades relacionadas ao fornecimento de documentos relativos a cartão de crédito,Cartão de crédito,48.0
BBD,2025-T3,2025,trimestre,3,Restrição à realização de portabilidade de operações de crédito consignado relativas a pessoas naturais,Restrição à realização de portabilidade de operações de crédito consignado relativas a pessoas naturais,Crédito e empréstimos,48.0
BBD,2025-T3,2025,trimestre,3,"Abertura de conta de depósito com documentação ausente, insuficiente ou falsa","Abertura de conta de depósito com documentação ausente, insuficiente ou falsa",Segurança e fraude,36.0
BBD,2025-T3,2025,trimestre,3,Cobrança irregular de tarifa relacionada a conta ou serviços acessórios à conta,Cobrança irregular de tarifa relacionada a conta ou serviços acessórios à conta,Tarifas e débitos,36.0
BBD,2025-T3,2025,trimestre,3,Cobrança irregular de tarifa relacionada ao cartão de crédito,Cobrança irregular de tarifa relacionada ao cartão de crédito,Tarifas e débitos,24.0
BBD,2025-T3,2025,trimestre,3,"Débito em conta-salário não autorizado pelo cliente, ou não cumprimento das regras aplicáveis","Débito em conta-salário não autorizado pelo cliente, ou não cumprimento das regras aplicáveis",Tarifas e débitos,24.0
BBD,2025-T3,2025,trimestre,3,Insatisfação com a resposta recebida da instituição financeira referente à reclamação registrada no BCB,Insatisfação com a resposta recebida da instituição financeira referente à reclamação registrada no BCB,Atendimento e informação,24.0
BBD,2025-T3,2025,trimestre,3,Irregularidades no processo de encerramento de conta de pagamento - instituição de pagamento,Irregularidades no processo de encerramento de conta de pagamento,"Conta (abertura, bloqueio, encerramento)",24.0
BBD,2025-T3,2025,trimestre,3,Irregularidades relacionadas a informações e liquidação de valores a receber no sistema SVR do BCB por parte de instituições financeiras,Irregularidades relacionadas a informações e liquidação de valores a receber no sistema SVR do BCB por parte de instituições financeiras,"Cadastros (SCR, CCS, SVR)",24.0
BBD,2025-T3,2025,trimestre,3,Irregularidades relacionadas ao fornecimento de documentos relativos a conta,Irregularidades relacionadas ao fornecimento de documentos relativos a conta,Atendimento e informação,24.0
BBD,2025-T3,2025,trimestre,3,"Débito em conta de pagamento pré-paga não autorizado pelo cliente, ou não cumprimento das regras aplicáveis","Débito em conta de pagamento pré-paga não autorizado pelo cliente, ou não cumprimento das regras aplicáveis",Tarifas e débitos,12.0
BBD,2025-T3,2025,trimestre,3,Encaminhamento de instrumentos de pagamento não solicitados,Encaminhamento de instrumentos de pagamento não solicitados,Outros,12.0
BBD,2025-T3,2025,trimestre,3,Irregularidades relacionadas a boletos de pagamento (exceto ausência de contrato com beneficiário),Irregularidades relacionadas a boletos de pagamento (exceto ausência de contrato com beneficiário),Outros,12.0
BBD,2025-T3,2025,trimestre,3,Irregularidades relacionadas ao acompanhamento de conta de pagamento,Irregularidades relacionadas ao acompanhamento de conta de pagamento,"Conta (abertura, bloqueio, encerramento)",12.0
BBD,2025-T3,2025,trimestre,3,Irregularidades relacionadas à liquidação de documentos (exceto cheques),Irregularidades relacionadas à liquidação de documentos (exceto cheques),Outros,12.0
BBD,2025-T3,2025,trimestre,3,Irregularidades relativas à proposta de operação de crédito no Open Banking por instituições financeiras,Irregularidades relativas à proposta de operação de crédito no Open Banking por instituições financeiras,Crédito e empréstimos,12.0
BBD,2025-T3,2025,trimestre,3,Outras irregularidades relacionadas a cartões de crédito,Outras irregularidades relacionadas a cartões de crédito,Cartão de crédito,12.0
BBD,2025-T3,2025,trimestre,3,Pix - Dificuldade para solicitar ou realizar devolução,Pix - Dificuldade para solicitar ou realizar devolução,Pix,12.0
BBD,2025-T3,2025,trimestre,3,Prestação de serviço de forma irregular em conta-salário,Prestação de serviço de forma irregular em conta-salário,"Conta (abertura, bloqueio, encerramento)",12.0
BBD,2025-T3,2025,trimestre,3,"Utilização incorreta da taxa de desconto no cálculo do valor presente relacionadas às demais operações de crédito, exceto as de crédito consignado e de financiamento imobiliário","Utilização incorreta da taxa de desconto no cálculo do valor presente relacionadas às demais operações de crédito, exceto as de crédito consignado e de financiamento imobiliário",Crédito e empréstimos,12.0
ITUB,2025-T3,2025,trimestre,3,"Irregularidades relativas a integridade, confiabilidade, segurança, sigilo ou legitimidade dos serviços relacionados a operações de crédito consignado","Irregularidades relativas a integridade, confiabilidade, segurança, sigilo ou legitimidade dos serviços relacionados a operações de crédito consignado",Segurança e fraude,670.0
ITUB,2025-T3,2025,trimestre,3,"Irregularidades relativas a integridade, confiabilidade, segurança, sigilo ou legitimidade das operações e serviços relacionados a cartões de crédito","Irregularidades relativas a integridade, confiabilidade, segurança, sigilo ou legitimidade das operações e serviços relacionados a cartões de crédito",Segurança e fraude,574.0
ITUB,2025-T3,2025,trimestre,3,Insatisfação com o atendimento prestado pelo SAC ou Central de Relacionamento,Insatisfação com o atendimento prestado pelo SAC ou Central de Relacionamento,Atendimento e informação,505.0
ITUB,2025-T3,2025,trimestre,3,Irregularidades relativas a operações de crédito de saldo devedor de fatura de cartão de crédito (rotativo e parcelamento) e respectiva cobrança de encargos,Irregularidades relativas a operações de crédito de saldo devedor de fatura de cartão de crédito (rotativo e parcelamento) e respectiva cobrança de encargos,Cartão de crédito,418.0
ITUB,2025-T3,2025,trimestre,3,"Débito em conta não autorizado pelo cliente, ou não cumprimento das regras aplicáveis","Débito em conta não autorizado pelo cliente, ou não cumprimento das regras aplicáveis",Tarifas e débitos,365.0
ITUB,2025-T3,2025,trimestre,3,Oferta ou prestação de informação sobre o cartão de crédito de forma inadequada,Oferta ou prestação de informação sobre o cartão de crédito de forma inadequada,Cartão de crédito,261.0
ITUB,2025-T3,2025,trimestre,3,"Irregularidades relativas a integridade, confiabilidade, segurança, sigilo ou legitimidade dos serviços relacionados a operações de crédito, exceto consignado","Irregularidades relativas a integridade, confiabilidade, segurança, sigilo ou legitimidade dos serviços relacionados a operações de crédito, exceto consignado",Segurança e fraude,191.0
ITUB,2025-T3,2025,trimestre,3,Oferta ou prestação de informação sobre a conta ou serviços acessórios de forma inadequada,Oferta ou prestação de informação sobre a conta ou serviços acessórios de forma inadequada,Atendimento e informação,157.0
ITUB,2025-T3,2025,trimestre,3,"Oferta ou prestação de informação sobre produtos e serviços de forma inadequada, exceto as relacionadas a cartão de crédito, conta e serviços acessórios, credenciadora de cartão e operação de crédito","Oferta ou prestação de informação sobre produtos e serviços de forma inadequada, exceto as relacionadas a cartão de crédito, conta e serviços acessórios, credenciadora de cartão e operação de crédito",Atendimento e informação,148.0
ITUB,2025-T3,2025,trimestre,3,Irregularidades no processo de encerramento de conta de depósitos à vista,Irregularidades no processo de encerramento de conta de depósitos à vista,"Conta (abertura, bloqueio, encerramento)",96.0
ITUB,2025-T3,2025,trimestre,3,"Irregularidades relativas a integridade, confiabilidade, segurança, sigilo ou legitimidade das operações e serviços disponibilizados em internet banking","Irregularidades relativas a integridade, confiabilidade, segurança, sigilo ou legitimidade das operações e serviços disponibilizados em internet banking",Segurança e fraude,87.0
ITUB,2025-T3,2025,trimestre,3,"Irregularidades relativas a integridade, confiabilidade, segurança, sigilo ou legitimidade das operações e serviços, exceto as relacionadas a cartão de crédito, cartão de débito, internet banking, ATM, credenciadora e operação de crédito","Irregularidades relativas a integridade, confiabilidade, segurança, sigilo ou legitimidade das operações e serviços, exceto as relacionadas a cartão de crédito, cartão de débito, internet banking, ATM, credenciadora e operação de crédito",Segurança e fraude,70.0
ITUB,2025-T3,2025,trimestre,3,Não acatamento de solicitação de cancelamento de débitos automáticos em conta ou não cumprimento das regras aplicáveis,Não acatamento de solicitação de cancelamento de débitos automáticos em conta ou não cumprimento das regras aplicáveis,Tarifas e débitos,70.0
ITUB,2025-T3,2025,trimestre,3,Inclusão de dados incorretos no CCS (Cadastro de Clientes do Sistema Financeiro Nacional),Inclusão de dados incorretos no CCS (Cadastro de Clientes do Sistema Financeiro Nacional),Outros,52.0
ITUB,2025-T3,2025,trimestre,3,Irregularidades relacionadas ao fornecimento de informações relativas a operação de crédito contratada (DDC),Irregularidades relacionadas ao fornecimento de informações relativas a operação de crédito contratada (DDC),Crédito e empréstimos,52.0
ITUB,2025-T3,2025,trimestre,3,Oferta ou prestação de informação sobre crédito consignado de forma inadequada,Oferta ou prestação de informação sobre crédito consignado de forma inadequada,Crédito e empréstimos,52.0
ITUB,2025-T3,2025,trimestre,3,Cancelamento de contrato a pedido do cliente não atendido por instituição financeira,Cancelamento de contrato a pedido do cliente não atendido por instituição financeira,"Conta (abertura, bloqueio, encerramento)",44.0
ITUB,2025-T3,2025,trimestre,3,"Irregularidades relacionadas ao fornecimento de documentos relativos a operação de crédito, exceto para liquidação antecipada e descritivo do crédito.","Irregularidades relacionadas ao fornecimento de documentos relativos a operação de crédito, exceto para liquidação antecipada e descritivo do crédito.",Crédito e empréstimos,44.0
ITUB,2025-T3,2025,trimestre,3,Restrição à realização de portabilidade de operações de crédito consignado relativas a pessoas naturais,Restrição à realização de portabilidade de operações de crédito consignado relativas a pessoas naturais,Crédito e empréstimos,44.0
ITUB,2025-T3,2025,trimestre,3,Concessão de crédito (exceto consignado) sem a formalização do título adequado,Concessão de crédito (exceto consignado) sem a formalização do título adequado,Crédito e empréstimos,35.0
ITUB,2025-T3,2025,trimestre,3,"Débito em conta-salário não autorizado pelo cliente, ou não cumprimento das regras aplicáveis","Débito em conta-salário não autorizado pelo cliente, ou não cumprimento das regras aplicáveis",Tarifas e débitos,35.0
ITUB,2025-T3,2025,trimestre,3,Insatisfação com a resposta recebida da instituição financeira referente à reclamação registrada no BCB,Insatisfação com a resposta recebida da instituição financeira referente à reclamação registrada no BCB,Atendimento e informação,35.0
ITUB,2025-T3,2025,trimestre,3,Irregularidades relacionadas ao acompanhamento de conta,Irregularidades relacionadas ao acompanhamento de conta,"Conta (abertura, bloqueio, encerramento)",35.0
ITUB,2025-T3,2025,trimestre,3,"Oferta ou prestação de informação sobre operação de crédito de forma inadequada, exceto crédito consignado","Oferta ou prestação de informação sobre operação de crédito de forma inadequada, exceto crédito consignado",Crédito e empréstimos,35.0
ITUB,2025-T3,2025,trimestre,3,Pix - Dificuldade para solicitar ou realizar devolução,Pix - Dificuldade para solicitar ou realizar devolução,Pix,35.0
ITUB,2025-T3,2025,trimestre,3,"Abertura de conta de depósito com documentação ausente, insuficiente ou falsa","Abertura de conta de depósito com documentação ausente, insuficiente ou falsa",Segurança e fraude,26.0
ITUB,2025-T3,2025,trimestre,3,Ausência de título adequado relativo a cartão de crédito,Ausência de título adequado relativo a cartão de crédito,Cartão de crédito,26.0
ITUB,2025-T3,2025,trimestre,3,Cobrança irregular de tarifa relacionada a conta ou serviços acessórios à conta,Cobrança irregular de tarifa relacionada a conta ou serviços acessórios à conta,Tarifas e débitos,26.0
ITUB,2025-T3,2025,trimestre,3,Concessão de crédito consignado sem a formalização do título adequado,Concessão de crédito consignado sem a formalização do título adequado,Crédito e empréstimos,26.0
ITUB,2025-T3,2025,trimestre,3,Irregularidades envolvendo a abertura de conta-salário,Irregularidades envolvendo a abertura de conta-salário,"Conta (abertura, bloqueio, encerramento)",26.0
ITUB,2025-T3,2025,trimestre,3,Irregularidades relacionadas ao Sistema de Informações de Crédito do Banco Central (SCR),Irregularidades relacionadas ao Sistema de Informações de Crédito do Banco Central (SCR),"Cadastros (SCR, CCS, SVR)",26.0
ITUB,2025-T3,2025,trimestre,3,"Irregularidades relativas a integridade, confiabilidade, segurança, sigilo ou legitimidade das operações e serviços relacionados a cartões de débito","Irregularidades relativas a integridade, confiabilidade, segurança, sigilo ou legitimidade das operações e serviços relacionados a cartões de débito",Segurança e fraude,26.0
ITUB,2025-T3,2025,trimestre,3,Limites de transação,Limites de transação,Outros,26.0
ITUB,2025-T3,2025,trimestre,3,Cobrança irregular de tarifa relacionada ao cartão de crédito,Cobrança irregular de tarifa relacionada ao cartão de crédito,Tarifas e débitos,17.0
ITUB,2025-T3,2025,trimestre,3,"Débito em conta de pagamento pré-paga não autorizado pelo cliente, ou não cumprimento das regras aplicáveis","Débito em conta de pagamento pré-paga não autorizado pelo cliente, ou não cumprimento das regras aplicáveis",Tarifas e débitos,17.0
ITUB,2025-T3,2025,trimestre,3,Falta de transparência na redação de documentos,Falta de transparência na redação de documentos,Atendimento e informação,17.0
ITUB,2025-T3,2025,trimestre,3,Irregularidades no processo de encerramento de conta de pagamento,Irregularidades no processo de encerramento de conta de pagamento,"Conta (abertura, bloqueio, encerramento)",17.0
ITUB,2025-T3,2025,trimestre,3,Irregularidades relacionadas a informações e liquidação de valores a receber no sistema SVR do BCB por parte de instituições financeiras,Irregularidades relacionadas a informações e liquidação de valores a receber no sistema SVR do BCB por parte de instituições financeiras,"Cadastros (SCR, CCS, SVR)",17.0
ITUB,2025-T3,2025,trimestre,3,Irregularidades relacionadas ao fornecimento de documento para liquidação antecipada de operações de crédito,Irregularidades relacionadas ao fornecimento de documento para liquidação antecipada de operações de crédito,Crédito e empréstimos,17.0
ITUB,2025-T3,2025,trimestre,3,Irregularidades relacionadas ao fornecimento de documentos relativos a cartão de crédito,Irregularidades relacionadas ao fornecimento de documentos relativos a cartão de crédito,Cartão de crédito,17.0
ITUB,2025-T3,2025,trimestre,3,Irregularidades relacionadas ao fornecimento de documentos relativos a conta,Irregularidades relacionadas ao fornecimento de documentos relativos a conta,Atendimento e informação,17.0
ITUB,2025-T3,2025,trimestre,3,Ausência de informações sobre as regras de funcionamento nos contratos de cartões de crédito ou seu descumprimento,Ausência de informações sobre as regras de funcionamento nos contratos de cartões de crédito ou seu descumprimento,Cartão de crédito,9.0
ITUB,2025-T3,2025,trimestre,3,Bloqueio de valores ou de conta fora do âmbito do Pix,Bloqueio de valores ou de conta fora do âmbito do Pix,"Conta (abertura, bloqueio, encerramento)",9.0
ITUB,2025-T3,2025,trimestre,3,Irregularidades relacionadas ao atendimento da Ouvidoria,Irregularidades relacionadas ao atendimento da Ouvidoria,Atendimento e informação,9.0
ITUB,2025-T3,2025,trimestre,3,"Irregularidades relativas a integridade, confiabilidade, segurança, sigilo ou legitimidade das operações e serviços disponibilizados em ATM","Irregularidades relativas a integridade, confiabilidade, segurança, sigilo ou legitimidade das operações e serviços disponibilizados em ATM",Segurança e fraude,9.0
ITUB,2025-T3,2025,trimestre,3,"Não acatamento de solicitação de cancelamento de débitos automáticos em conta de pagamento pré-paga, ou não cumprimento das regras aplicáveis","Não acatamento de solicitação de cancelamento de débitos automáticos em conta de pagamento pré-paga, ou não cumprimento das regras aplicáveis",Tarifas e débitos,9.0
ITUB,2025-T3,2025,trimestre,3,Prestação de serviço de forma irregular em conta-salário,Prestação de serviço de forma irregular em conta-salário,"Conta (abertura, bloqueio, encerramento)",9.0
ITUB,2025-T3,2025,trimestre,3,Recusa de cancelamento de pacote de serviços,Recusa de cancelamento de pacote de serviços,Tarifas e débitos,9.0
ITUB,2025-T3,2025,trimestre,3,"Transações não reconhecidas pelo titular da conta, realizadas por terceiros (invasão de conta) em instituições financeiras","Transações não reconhecidas pelo titular da conta, realizadas por terceiros (invasão de conta) em instituições financeiras",Segurança e fraude,9.0
NU,2025-T3,2025,trimestre,3,Irregularidades no processo de encerramento de conta de pagamento - instituição de pagamento,Irregularidades no processo de encerramento de conta de pagamento,"Conta (abertura, bloqueio, encerramento)",195.0
NU,2025-T3,2025,trimestre,3,"Irregularidades relativas a integridade, confiabilidade, segurança, sigilo ou legitimidade das operações e serviços relacionados a cartões de crédito","Irregularidades relativas a integridade, confiabilidade, segurança, sigilo ou legitimidade das operações e serviços relacionados a cartões de crédito",Segurança e fraude,124.0
NU,2025-T3,2025,trimestre,3,"Irregularidades relativas a integridade, confiabilidade, segurança, sigilo ou legitimidade das operações e serviços prestados relacionados a conta de pagamento pós-paga - instituição de pagamento","Irregularidades relativas a integridade, confiabilidade, segurança, sigilo ou legitimidade das operações e serviços prestados relacionados a conta de pagamento pós-paga",Segurança e fraude,107.0
NU,2025-T3,2025,trimestre,3,Bloqueio de valores ou de conta fora do âmbito do Pix - instituição de pagamento,Bloqueio de valores ou de conta fora do âmbito do Pix,"Conta (abertura, bloqueio, encerramento)",89.0
NU,2025-T3,2025,trimestre,3,Irregularidades relacionadas ao Sistema de Informações de Crédito do Banco Central (SCR) - instituição de pagamento,Irregularidades relacionadas ao Sistema de Informações de Crédito do Banco Central (SCR),"Cadastros (SCR, CCS, SVR)",89.0
NU,2025-T3,2025,trimestre,3,Irregularidades relacionadas ao fornecimento de informações relativas a operação de crédito contratada (DDC),Irregularidades relacionadas ao fornecimento de informações relativas a operação de crédito contratada (DDC),Crédito e empréstimos,89.0
NU,2025-T3,2025,trimestre,3,Abertura de conta de pagamento sem documentação necessária ou com documentação falsa - instituição de pagamento,Abertura de conta de pagamento sem documentação necessária ou com documentação falsa,Segurança e fraude,71.0
NU,2025-T3,2025,trimestre,3,Irregularidades relacionadas ao acompanhamento de conta de pagamento - instituição de pagamento,Irregularidades relacionadas ao acompanhamento de conta de pagamento,"Conta (abertura, bloqueio, encerramento)",71.0
NU,2025-T3,2025,trimestre,3,"Irregularidades relativas a integridade, confiabilidade, segurança, sigilo ou legitimidade das operações e serviços prestados relacionados a conta de pagamento pré-paga - instituição de pagamento","Irregularidades relativas a integridade, confiabilidade, segurança, sigilo ou legitimidade das operações e serviços prestados relacionados a conta de pagamento pré-paga",Segurança e fraude,71.0
NU,2025-T3,2025,trimestre,3,Bloqueio de valores ou de conta fora do âmbito do Pix,Bloqueio de valores ou de conta fora do âmbito do Pix,"Conta (abertura, bloqueio, encerramento)",53.0
NU,2025-T3,2025,trimestre,3,Insatisfação com o atendimento prestado pelo SAC ou Central de Relacionamento,Insatisfação com o atendimento prestado pelo SAC ou Central de Relacionamento,Atendimento e informação,53.0
NU,2025-T3,2025,trimestre,3,Insatisfação com o atendimento prestado pelo SAC ou Central de Relacionamento - instituição de pagamento,Insatisfação com o atendimento prestado pelo SAC ou Central de Relacionamento,Atendimento e informação,53.0
NU,2025-T3,2025,trimestre,3,Irregularidades relacionadas ao fornecimento de documentos por conta de pagamentos pré-paga - instituição de pagamento,Irregularidades relacionadas ao fornecimento de documentos por conta de pagamentos pré-paga,Atendimento e informação,36.0
NU,2025-T3,2025,trimestre,3,Pix - Bloqueio ou devolução irregular de valores - instituição de pagamento,Pix - Bloqueio ou devolução irregular de valores,Pix,36.0
NU,2025-T3,2025,trimestre,3,Abertura de conta de pagamento sem documentação necessária ou com documentação falsa,Abertura de conta de pagamento sem documentação necessária ou com documentação falsa,Segurança e fraude,18.0
NU,2025-T3,2025,trimestre,3,Descumprimento de prazo de resposta da reclamação registrada no BCB,Descumprimento de prazo de resposta da reclamação registrada no BCB,Atendimento e informação,18.0
NU,2025-T3,2025,trimestre,3,Insatisfação com a resposta referente à reclamação registrada no BCB recebida - instituição de pagamento,Insatisfação com a resposta referente à reclamação registrada no BCB recebida,Atendimento e informação,18.0
NU,2025-T3,2025,trimestre,3,Irregularidades no processo de encerramento de conta de pagamento,Irregularidades no processo de encerramento de conta de pagamento,"Conta (abertura, bloqueio, encerramento)",18.0
NU,2025-T3,2025,trimestre,3,Irregularidades relacionadas a boletos de pagamento (exceto ausência de contrato com beneficiário),Irregularidades relacionadas a boletos de pagamento (exceto ausência de contrato com beneficiário),Outros,18.0
NU,2025-T3,2025,trimestre,3,Irregularidades relacionadas ao Sistema de Informações de Crédito do Banco Central (SCR),Irregularidades relacionadas ao Sistema de Informações de Crédito do Banco Central (SCR),"Cadastros (SCR, CCS, SVR)",18.0
NU,2025-T3,2025,trimestre,3,Irregularidades relacionadas ao fornecimento de documentos por conta de pagamentos pós-paga - instituição de pagamento,Irregularidades relacionadas ao fornecimento de documentos por conta de pagamentos pós-paga,Atendimento e informação,18.0
NU,2025-T3,2025,trimestre,3,"Irregularidades relativas a integridade, confiabilidade, segurança, sigilo ou legitimidade dos serviços relacionados a operações de crédito, exceto consignado","Irregularidades relativas a integridade, confiabilidade, segurança, sigilo ou legitimidade dos serviços relacionados a operações de crédito, exceto consignado",Segurança e fraude,18.0
NU,2025-T3,2025,trimestre,3,Não acatamento de solicitação de cancelamento de débitos automáticos em conta de pagamento pré-paga ou não cumprimento das regras aplicáveis - instituição de pagamento,Não acatamento de solicitação de cancelamento de débitos automáticos em conta de pagamento pré-paga ou não cumprimento das regras aplicáveis,Tarifas e débitos,18.0
NU,2025-T3,2025,trimestre,3,Oferta ou prestação de informação sobre o cartão de crédito de forma inadequada,Oferta ou prestação de informação sobre o cartão de crédito de forma inadequada,Cartão de crédito,18.0
NU,2025-T3,2025,trimestre,3,PIX - Iniciação - instituição de pagamento,PIX - Iniciação,Pix,18.0
NU,2025-T3,2025,trimestre,3,Pix - Dificuldade para solicitar ou realizar devolução,Pix - Dificuldade para solicitar ou realizar devolução,Pix,18.0
NU,2025-T3,2025,trimestre,3,Pix - Dificuldade para solicitar ou realizar devolução - instituição de pagamento,Pix - Dificuldade para solicitar ou realizar devolução,Pix,18.0
NU,2025-T3,2025,trimestre,3,Pix - iniciação,Pix - iniciação,Pix,18.0
BBD,2025-T4,2025,trimestre,4,"Irregularidades relativas a integridade, confiabilidade, segurança, sigilo ou legitimidade dos serviços relacionados a operações de crédito, exceto consignado","Irregularidades relativas a integridade, confiabilidade, segurança, sigilo ou legitimidade dos serviços relacionados a operações de crédito, exceto consignado",Segurança e fraude,993.0
BBD,2025-T4,2025,trimestre,4,"Irregularidades relativas a integridade, confiabilidade, segurança, sigilo ou legitimidade das operações e serviços relacionados a cartões de crédito","Irregularidades relativas a integridade, confiabilidade, segurança, sigilo ou legitimidade das operações e serviços relacionados a cartões de crédito",Segurança e fraude,531.0
BBD,2025-T4,2025,trimestre,4,Irregularidades relativas a operações de crédito de saldo devedor de fatura de cartão de crédito (rotativo e parcelamento) e respectiva cobrança de encargos,Irregularidades relativas a operações de crédito de saldo devedor de fatura de cartão de crédito (rotativo e parcelamento) e respectiva cobrança de encargos,Cartão de crédito,439.0
BBD,2025-T4,2025,trimestre,4,Insatisfação com o atendimento prestado pelo SAC ou Central de Relacionamento,Insatisfação com o atendimento prestado pelo SAC ou Central de Relacionamento,Atendimento e informação,323.0
BBD,2025-T4,2025,trimestre,4,"Irregularidades relativas a integridade, confiabilidade, segurança, sigilo ou legitimidade dos serviços relacionados a operações de crédito consignado","Irregularidades relativas a integridade, confiabilidade, segurança, sigilo ou legitimidade dos serviços relacionados a operações de crédito consignado",Segurança e fraude,219.0
BBD,2025-T4,2025,trimestre,4,Irregularidades relacionadas ao acompanhamento de conta,Irregularidades relacionadas ao acompanhamento de conta,"Conta (abertura, bloqueio, encerramento)",208.0
BBD,2025-T4,2025,trimestre,4,"Débito em conta não autorizado pelo cliente, ou não cumprimento das regras aplicáveis","Débito em conta não autorizado pelo cliente, ou não cumprimento das regras aplicáveis",Tarifas e débitos,173.0
BBD,2025-T4,2025,trimestre,4,"Oferta ou prestação de informação sobre operação de crédito de forma inadequada, exceto crédito consignado","Oferta ou prestação de informação sobre operação de crédito de forma inadequada, exceto crédito consignado",Crédito e empréstimos,162.0
BBD,2025-T4,2025,trimestre,4,Não acatamento de solicitação de cancelamento de débitos automáticos em conta ou não cumprimento das regras aplicáveis,Não acatamento de solicitação de cancelamento de débitos automáticos em conta ou não cumprimento das regras aplicáveis,Tarifas e débitos,127.0
BBD,2025-T4,2025,trimestre,4,Irregularidades relacionadas ao Sistema de Informações de Crédito do Banco Central (SCR),Irregularidades relacionadas ao Sistema de Informações de Crédito do Banco Central (SCR),"Cadastros (SCR, CCS, SVR)",115.0
BBD,2025-T4,2025,trimestre,4,"Irregularidades relacionadas ao fornecimento de documentos relativos a operação de crédito, exceto para liquidação antecipada e descritivo do crédito.","Irregularidades relacionadas ao fornecimento de documentos relativos a operação de crédito, exceto para liquidação antecipada e descritivo do crédito.",Crédito e empréstimos,115.0
BBD,2025-T4,2025,trimestre,4,"Transações não reconhecidas pelo titular da conta, realizadas por terceiros (invasão de conta) em instituições financeiras","Transações não reconhecidas pelo titular da conta, realizadas por terceiros (invasão de conta) em instituições financeiras",Segurança e fraude,115.0
BBD,2025-T4,2025,trimestre,4,Irregularidades relacionadas ao fornecimento de documentos relativos a cartão de crédito,Irregularidades relacionadas ao fornecimento de documentos relativos a cartão de crédito,Cartão de crédito,104.0
BBD,2025-T4,2025,trimestre,4,Irregularidades relacionadas ao fornecimento de informações relativas a operação de crédito contratada (DDC),Irregularidades relacionadas ao fornecimento de informações relativas a operação de crédito contratada (DDC),Crédito e empréstimos,104.0
BBD,2025-T4,2025,trimestre,4,"Oferta ou prestação de informação sobre produtos e serviços de forma inadequada, exceto as relacionadas a cartão de crédito, conta e serviços acessórios, credenciadora de cartão e operação de crédito","Oferta ou prestação de informação sobre produtos e serviços de forma inadequada, exceto as relacionadas a cartão de crédito, conta e serviços acessórios, credenciadora de cartão e operação de crédito",Atendimento e informação,104.0
BBD,2025-T4,2025,trimestre,4,Limites de transação,Limites de transação,Outros,92.0
BBD,2025-T4,2025,trimestre,4,Oferta ou prestação de informação sobre o cartão de crédito de forma inadequada,Oferta ou prestação de informação sobre o cartão de crédito de forma inadequada,Cartão de crédito,92.0
BBD,2025-T4,2025,trimestre,4,Ausência de título adequado relativo a cartão de crédito,Ausência de título adequado relativo a cartão de crédito,Cartão de crédito,69.0
BBD,2025-T4,2025,trimestre,4,"Irregularidades relativas a integridade, confiabilidade, segurança, sigilo ou legitimidade das operações e serviços, exceto as relacionadas a cartão de crédito, cartão de débito, internet banking, ATM, credenciadora e operação de crédito","Irregularidades relativas a integridade, confiabilidade, segurança, sigilo ou legitimidade das operações e serviços, exceto as relacionadas a cartão de crédito, cartão de débito, internet banking, ATM, credenciadora e operação de crédito",Segurança e fraude,69.0
BBD,2025-T4,2025,trimestre,4,Oferta ou prestação de informação sobre a conta ou serviços acessórios de forma inadequada,Oferta ou prestação de informação sobre a conta ou serviços acessórios de forma inadequada,Atendimento e informação,69.0
BBD,2025-T4,2025,trimestre,4,Oferta ou prestação de informação sobre crédito consignado de forma inadequada,Oferta ou prestação de informação sobre crédito consignado de forma inadequada,Crédito e empréstimos,58.0
BBD,2025-T4,2025,trimestre,4,Cancelamento de contrato a pedido do cliente não atendido por instituição financeira,Cancelamento de contrato a pedido do cliente não atendido por instituição financeira,"Conta (abertura, bloqueio, encerramento)",46.0
BBD,2025-T4,2025,trimestre,4,Cobrança irregular de tarifa relacionada a conta ou serviços acessórios à conta,Cobrança irregular de tarifa relacionada a conta ou serviços acessórios à conta,Tarifas e débitos,46.0
BBD,2025-T4,2025,trimestre,4,Concessão de crédito (exceto consignado) sem a formalização do título adequado,Concessão de crédito (exceto consignado) sem a formalização do título adequado,Crédito e empréstimos,46.0
BBD,2025-T4,2025,trimestre,4,Restrição à realização de portabilidade de operações de crédito consignado relativas a pessoas naturais,Restrição à realização de portabilidade de operações de crédito consignado relativas a pessoas naturais,Crédito e empréstimos,35.0
BBD,2025-T4,2025,trimestre,4,Bloqueio de valores ou de conta fora do âmbito do Pix,Bloqueio de valores ou de conta fora do âmbito do Pix,"Conta (abertura, bloqueio, encerramento)",23.0
BBD,2025-T4,2025,trimestre,4,Cobrança irregular de tarifa relacionada ao cartão de crédito,Cobrança irregular de tarifa relacionada ao cartão de crédito,Tarifas e débitos,23.0
BBD,2025-T4,2025,trimestre,4,"Débito em conta-salário não autorizado pelo cliente, ou não cumprimento das regras aplicáveis","Débito em conta-salário não autorizado pelo cliente, ou não cumprimento das regras aplicáveis",Tarifas e débitos,23.0
BBD,2025-T4,2025,trimestre,4,Irregularidades no processo de encerramento de conta de depósitos à vista,Irregularidades no processo de encerramento de conta de depósitos à vista,"Conta (abertura, bloqueio, encerramento)",23.0
BBD,2025-T4,2025,trimestre,4,Irregularidades relacionadas ao fornecimento de documento para liquidação antecipada de operações de crédito,Irregularidades relacionadas ao fornecimento de documento para liquidação antecipada de operações de crédito,Crédito e empréstimos,23.0
BBD,2025-T4,2025,trimestre,4,"Irregularidades relativas a integridade, confiabilidade, segurança, sigilo ou legitimidade das operações e serviços disponibilizados em ATM","Irregularidades relativas a integridade, confiabilidade, segurança, sigilo ou legitimidade das operações e serviços disponibilizados em ATM",Segurança e fraude,23.0
BBD,2025-T4,2025,trimestre,4,"Irregularidades relativas a integridade, confiabilidade, segurança, sigilo ou legitimidade das operações e serviços disponibilizados em internet banking","Irregularidades relativas a integridade, confiabilidade, segurança, sigilo ou legitimidade das operações e serviços disponibilizados em internet banking",Segurança e fraude,23.0
BBD,2025-T4,2025,trimestre,4,"Irregularidades relativas a integridade, confiabilidade, segurança, sigilo ou legitimidade das operações e serviços relacionados a cartões de débito","Irregularidades relativas a integridade, confiabilidade, segurança, sigilo ou legitimidade das operações e serviços relacionados a cartões de débito",Segurança e fraude,23.0
BBD,2025-T4,2025,trimestre,4,"Abertura de conta de depósito com documentação ausente, insuficiente ou falsa","Abertura de conta de depósito com documentação ausente, insuficiente ou falsa",Segurança e fraude,12.0
BBD,2025-T4,2025,trimestre,4,Abertura de conta de pagamento sem documentação necessária ou com documentação falsa,Abertura de conta de pagamento sem documentação necessária ou com documentação falsa,Segurança e fraude,12.0
BBD,2025-T4,2025,trimestre,4,Abertura de conta de pagamento sem documentação necessária ou com documentação falsa - instituição de pagamento,Abertura de conta de pagamento sem documentação necessária ou com documentação falsa,Segurança e fraude,12.0
BBD,2025-T4,2025,trimestre,4,"Débito em conta de pagamento pré-paga não autorizado pelo cliente, ou não cumprimento das regras aplicáveis","Débito em conta de pagamento pré-paga não autorizado pelo cliente, ou não cumprimento das regras aplicáveis",Tarifas e débitos,12.0
BBD,2025-T4,2025,trimestre,4,Encaminhamento de instrumentos de pagamento não solicitados,Encaminhamento de instrumentos de pagamento não solicitados,Outros,12.0
BBD,2025-T4,2025,trimestre,4,Inclusão de dados incorretos no CCS (Cadastro de Clientes do Sistema Financeiro Nacional),Inclusão de dados incorretos no CCS (Cadastro de Clientes do Sistema Financeiro Nacional),Outros,12.0
BBD,2025-T4,2025,trimestre,4,Insatisfação com a resposta recebida da instituição financeira referente à reclamação registrada no BCB,Insatisfação com a resposta recebida da instituição financeira referente à reclamação registrada no BCB,Atendimento e informação,12.0
BBD,2025-T4,2025,trimestre,4,"Integridade, confiabilidade, segurança, sigilo e legitimidade das operações e serviços  - conta de pagamento pré-paga","Integridade, confiabilidade, segurança, sigilo e legitimidade das operações e serviços - conta de pagamento pré-paga",Segurança e fraude,12.0
BBD,2025-T4,2025,trimestre,4,Irregularidades no processo de encerramento de conta de pagamento,Irregularidades no processo de encerramento de conta de pagamento,"Conta (abertura, bloqueio, encerramento)",12.0
BBD,2025-T4,2025,trimestre,4,Irregularidades relacionadas a informações e liquidação de valores a receber no sistema SVR do BCB por parte de instituições financeiras,Irregularidades relacionadas a informações e liquidação de valores a receber no sistema SVR do BCB por parte de instituições financeiras,"Cadastros (SCR, CCS, SVR)",12.0
BBD,2025-T4,2025,trimestre,4,Irregularidades relacionadas ao Custo Efetivo Total (CET) de operação de crédito,Irregularidades relacionadas ao Custo Efetivo Total (CET) de operação de crédito,Crédito e empréstimos,12.0
BBD,2025-T4,2025,trimestre,4,Irregularidades relacionadas ao acompanhamento de conta de pagamento,Irregularidades relacionadas ao acompanhamento de conta de pagamento,"Conta (abertura, bloqueio, encerramento)",12.0
BBD,2025-T4,2025,trimestre,4,"Irregularidades relacionadas ao fornecimento de outros documentos, exceto os relativos a cartão de crédito, conta e operação de crédito","Irregularidades relacionadas ao fornecimento de outros documentos, exceto os relativos a cartão de crédito, conta e operação de crédito",Atendimento e informação,12.0
BBD,2025-T4,2025,trimestre,4,Irregularidades relacionadas à liquidação de documentos (exceto cheques),Irregularidades relacionadas à liquidação de documentos (exceto cheques),Outros,12.0
BBD,2025-T4,2025,trimestre,4,Pix  - chaves,Pix - chaves,Pix,12.0
BBD,2025-T4,2025,trimestre,4,Pix - Dificuldade para solicitar ou realizar devolução,Pix - Dificuldade para solicitar ou realizar devolução,Pix,12.0
BBD,2025-T4,2025,trimestre,4,Pix - iniciação,Pix - iniciação,Pix,12.0
BBD,2025-T4,2025,trimestre,4,Prestação de serviço de forma irregular em conta-salário,Prestação de serviço de forma irregular em conta-salário,"Conta (abertura, bloqueio, encerramento)",12.0
ITUB,2025-T4,2025,trimestre,4,"Irregularidades relativas a integridade, confiabilidade, segurança, sigilo ou legitimidade das operações e serviços relacionados a cartões de crédito","Irregularidades relativas a integridade, confiabilidade, segurança, sigilo ou legitimidade das operações e serviços relacionados a cartões de crédito",Segurança e fraude,517.0
ITUB,2025-T4,2025,trimestre,4,"Irregularidades relativas a integridade, confiabilidade, segurança, sigilo ou legitimidade dos serviços relacionados a operações de crédito consignado","Irregularidades relativas a integridade, confiabilidade, segurança, sigilo ou legitimidade dos serviços relacionados a operações de crédito consignado",Segurança e fraude,508.0
ITUB,2025-T4,2025,trimestre,4,"Débito em conta não autorizado pelo cliente, ou não cumprimento das regras aplicáveis","Débito em conta não autorizado pelo cliente, ou não cumprimento das regras aplicáveis",Tarifas e débitos,363.0
ITUB,2025-T4,2025,trimestre,4,Insatisfação com o atendimento prestado pelo SAC ou Central de Relacionamento,Insatisfação com o atendimento prestado pelo SAC ou Central de Relacionamento,Atendimento e informação,308.0
ITUB,2025-T4,2025,trimestre,4,Irregularidades relativas a operações de crédito de saldo devedor de fatura de cartão de crédito (rotativo e parcelamento) e respectiva cobrança de encargos,Irregularidades relativas a operações de crédito de saldo devedor de fatura de cartão de crédito (rotativo e parcelamento) e respectiva cobrança de encargos,Cartão de crédito,281.0
ITUB,2025-T4,2025,trimestre,4,"Irregularidades relativas a integridade, confiabilidade, segurança, sigilo ou legitimidade dos serviços relacionados a operações de crédito, exceto consignado","Irregularidades relativas a integridade, confiabilidade, segurança, sigilo ou legitimidade dos serviços relacionados a operações de crédito, exceto consignado",Segurança e fraude,245.0
ITUB,2025-T4,2025,trimestre,4,Irregularidades relacionadas ao fornecimento de informações relativas a operação de crédito contratada (DDC),Irregularidades relacionadas ao fornecimento de informações relativas a operação de crédito contratada (DDC),Crédito e empréstimos,145.0
ITUB,2025-T4,2025,trimestre,4,Oferta ou prestação de informação sobre o cartão de crédito de forma inadequada,Oferta ou prestação de informação sobre o cartão de crédito de forma inadequada,Cartão de crédito,109.0
ITUB,2025-T4,2025,trimestre,4,Irregularidades no processo de encerramento de conta de depósitos à vista,Irregularidades no processo de encerramento de conta de depósitos à vista,"Conta (abertura, bloqueio, encerramento)",73.0
ITUB,2025-T4,2025,trimestre,4,Não acatamento de solicitação de cancelamento de débitos automáticos em conta ou não cumprimento das regras aplicáveis,Não acatamento de solicitação de cancelamento de débitos automáticos em conta ou não cumprimento das regras aplicáveis,Tarifas e débitos,73.0
ITUB,2025-T4,2025,trimestre,4,Oferta ou prestação de informação sobre a conta ou serviços acessórios de forma inadequada,Oferta ou prestação de informação sobre a conta ou serviços acessórios de forma inadequada,Atendimento e informação,63.0
ITUB,2025-T4,2025,trimestre,4,"Oferta ou prestação de informação sobre produtos e serviços de forma inadequada, exceto as relacionadas a cartão de crédito, conta e serviços acessórios, credenciadora de cartão e operação de crédito","Oferta ou prestação de informação sobre produtos e serviços de forma inadequada, exceto as relacionadas a cartão de crédito, conta e serviços acessórios, credenciadora de cartão e operação de crédito",Atendimento e informação,63.0
ITUB,2025-T4,2025,trimestre,4,Concessão de crédito (exceto consignado) sem a formalização do título adequado,Concessão de crédito (exceto consignado) sem a formalização do título adequado,Crédito e empréstimos,54.0
ITUB,2025-T4,2025,trimestre,4,Irregularidades relacionadas ao Sistema de Informações de Crédito do Banco Central (SCR),Irregularidades relacionadas ao Sistema de Informações de Crédito do Banco Central (SCR),"Cadastros (SCR, CCS, SVR)",54.0
ITUB,2025-T4,2025,trimestre,4,"Irregularidades relativas a integridade, confiabilidade, segurança, sigilo ou legitimidade das operações e serviços disponibilizados em internet banking","Irregularidades relativas a integridade, confiabilidade, segurança, sigilo ou legitimidade das operações e serviços disponibilizados em internet banking",Segurança e fraude,54.0
ITUB,2025-T4,2025,trimestre,4,"Oferta ou prestação de informação sobre operação de crédito de forma inadequada, exceto crédito consignado","Oferta ou prestação de informação sobre operação de crédito de forma inadequada, exceto crédito consignado",Crédito e empréstimos,54.0
ITUB,2025-T4,2025,trimestre,4,"Irregularidades relacionadas ao fornecimento de documentos relativos a operação de crédito, exceto para liquidação antecipada e descritivo do crédito.","Irregularidades relacionadas ao fornecimento de documentos relativos a operação de crédito, exceto para liquidação antecipada e descritivo do crédito.",Crédito e empréstimos,45.0
ITUB,2025-T4,2025,trimestre,4,"Irregularidades relativas a integridade, confiabilidade, segurança, sigilo ou legitimidade das operações e serviços, exceto as relacionadas a cartão de crédito, cartão de débito, internet banking, ATM, credenciadora e operação de crédito","Irregularidades relativas a integridade, confiabilidade, segurança, sigilo ou legitimidade das operações e serviços, exceto as relacionadas a cartão de crédito, cartão de débito, internet banking, ATM, credenciadora e operação de crédito",Segurança e fraude,45.0
ITUB,2025-T4,2025,trimestre,4,Limites de transação,Limites de transação,Outros,45.0
ITUB,2025-T4,2025,trimestre,4,Oferta ou prestação de informação sobre crédito consignado de forma inadequada,Oferta ou prestação de informação sobre crédito consignado de forma inadequada,Crédito e empréstimos,45.0
ITUB,2025-T4,2025,trimestre,4,Cobrança irregular de tarifa relacionada ao cartão de crédito,Cobrança irregular de tarifa relacionada ao cartão de crédito,Tarifas e débitos,36.0
ITUB,2025-T4,2025,trimestre,4,"Débito em conta-salário não autorizado pelo cliente, ou não cumprimento das regras aplicáveis","Débito em conta-salário não autorizado pelo cliente, ou não cumprimento das regras aplicáveis",Tarifas e débitos,36.0
ITUB,2025-T4,2025,trimestre,4,Insatisfação com a resposta recebida da instituição financeira referente à reclamação registrada no BCB,Insatisfação com a resposta recebida da instituição financeira referente à reclamação registrada no BCB,Atendimento e informação,36.0
ITUB,2025-T4,2025,trimestre,4,"Abertura de conta de depósito com documentação ausente, insuficiente ou falsa","Abertura de conta de depósito com documentação ausente, insuficiente ou falsa",Segurança e fraude,27.0
ITUB,2025-T4,2025,trimestre,4,Concessão de crédito consignado sem a formalização do título adequado,Concessão de crédito consignado sem a formalização do título adequado,Crédito e empréstimos,27.0
ITUB,2025-T4,2025,trimestre,4,Irregularidades relacionadas ao fornecimento de documentos relativos a cartão de crédito,Irregularidades relacionadas ao fornecimento de documentos relativos a cartão de crédito,Cartão de crédito,27.0
ITUB,2025-T4,2025,trimestre,4,"Irregularidades relativas a integridade, confiabilidade, segurança, sigilo ou legitimidade das operações e serviços relacionados a cartões de débito","Irregularidades relativas a integridade, confiabilidade, segurança, sigilo ou legitimidade das operações e serviços relacionados a cartões de débito",Segurança e fraude,27.0
ITUB,2025-T4,2025,trimestre,4,Cancelamento de contrato a pedido do cliente não atendido por instituição financeira,Cancelamento de contrato a pedido do cliente não atendido por instituição financeira,"Conta (abertura, bloqueio, encerramento)",18.0
ITUB,2025-T4,2025,trimestre,4,Inclusão de dados incorretos no CCS (Cadastro de Clientes do Sistema Financeiro Nacional),Inclusão de dados incorretos no CCS (Cadastro de Clientes do Sistema Financeiro Nacional),Outros,18.0
ITUB,2025-T4,2025,trimestre,4,Irregularidades envolvendo a abertura de conta-salário,Irregularidades envolvendo a abertura de conta-salário,"Conta (abertura, bloqueio, encerramento)",18.0
ITUB,2025-T4,2025,trimestre,4,Irregularidades relacionadas ao acompanhamento de conta,Irregularidades relacionadas ao acompanhamento de conta,"Conta (abertura, bloqueio, encerramento)",18.0
ITUB,2025-T4,2025,trimestre,4,Irregularidades relacionadas ao fornecimento de documento para liquidação antecipada de operações de crédito,Irregularidades relacionadas ao fornecimento de documento para liquidação antecipada de operações de crédito,Crédito e empréstimos,18.0
ITUB,2025-T4,2025,trimestre,4,Irregularidades relacionadas ao fornecimento de documentos relativos a conta,Irregularidades relacionadas ao fornecimento de documentos relativos a conta,Atendimento e informação,18.0
ITUB,2025-T4,2025,trimestre,4,"Irregularidades relacionadas ao fornecimento de outros documentos, exceto os relativos a cartão de crédito, conta e operação de crédito","Irregularidades relacionadas ao fornecimento de outros documentos, exceto os relativos a cartão de crédito, conta e operação de crédito",Atendimento e informação,18.0
ITUB,2025-T4,2025,trimestre,4,Recusa ou dificuldade de acesso aos canais de atendimento convencionais,Recusa ou dificuldade de acesso aos canais de atendimento convencionais,Atendimento e informação,18.0
ITUB,2025-T4,2025,trimestre,4,Restrição à realização de portabilidade de operações de crédito consignado relativas a pessoas naturais,Restrição à realização de portabilidade de operações de crédito consignado relativas a pessoas naturais,Crédito e empréstimos,18.0
ITUB,2025-T4,2025,trimestre,4,Bloqueio de valores ou de conta fora do âmbito do Pix,Bloqueio de valores ou de conta fora do âmbito do Pix,"Conta (abertura, bloqueio, encerramento)",9.0
ITUB,2025-T4,2025,trimestre,4,"Débito em conta de pagamento pré-paga não autorizado pelo cliente, ou não cumprimento das regras aplicáveis","Débito em conta de pagamento pré-paga não autorizado pelo cliente, ou não cumprimento das regras aplicáveis",Tarifas e débitos,9.0
ITUB,2025-T4,2025,trimestre,4,Encaminhamento de instrumentos de pagamento não solicitados,Encaminhamento de instrumentos de pagamento não solicitados,Outros,9.0
ITUB,2025-T4,2025,trimestre,4,Irregularidades relacionadas a informações e liquidação de valores a receber no sistema SVR do BCB - instituições de pagamento,Irregularidades relacionadas a informações e liquidação de valores a receber no sistema SVR do BCB - instituições de pagamento,"Cadastros (SCR, CCS, SVR)",9.0
ITUB,2025-T4,2025,trimestre,4,Irregularidades relacionadas a operações no mercado de câmbio,Irregularidades relacionadas a operações no mercado de câmbio,Outros,9.0
ITUB,2025-T4,2025,trimestre,4,"Irregularidades relativas a integridade, confiabilidade, segurança, sigilo ou legitimidade das operações e serviços disponibilizados em ATM","Irregularidades relativas a integridade, confiabilidade, segurança, sigilo ou legitimidade das operações e serviços disponibilizados em ATM",Segurança e fraude,9.0
ITUB,2025-T4,2025,trimestre,4,"Não acatamento de solicitação de cancelamento de débitos automáticos em conta de pagamento pré-paga, ou não cumprimento das regras aplicáveis","Não acatamento de solicitação de cancelamento de débitos automáticos em conta de pagamento pré-paga, ou não cumprimento das regras aplicáveis",Tarifas e débitos,9.0
ITUB,2025-T4,2025,trimestre,4,Não acatamento de solicitação de cancelamento de débitos automáticos em conta-salário ou não cumprimento das regras aplicáveis,Não acatamento de solicitação de cancelamento de débitos automáticos em conta-salário ou não cumprimento das regras aplicáveis,Tarifas e débitos,9.0
ITUB,2025-T4,2025,trimestre,4,Pix - Dificuldade para solicitar ou realizar devolução,Pix - Dificuldade para solicitar ou realizar devolução,Pix,9.0
ITUB,2025-T4,2025,trimestre,4,Pix - experiência do usuário,Pix - experiência do usuário,Pix,9.0
ITUB,2025-T4,2025,trimestre,4,Pix - liquidação,Pix - liquidação,Pix,9.0
ITUB,2025-T4,2025,trimestre,4,Recusa de cancelamento de pacote de serviços,Recusa de cancelamento de pacote de serviços,Tarifas e débitos,9.0
NU,2025-T4,2025,trimestre,4,"Irregularidades relativas a integridade, confiabilidade, segurança, sigilo ou legitimidade das operações e serviços relacionados a cartões de crédito","Irregularidades relativas a integridade, confiabilidade, segurança, sigilo ou legitimidade das operações e serviços relacionados a cartões de crédito",Segurança e fraude,127.0
NU,2025-T4,2025,trimestre,4,Irregularidades relacionadas ao fornecimento de informações relativas a operação de crédito contratada (DDC),Irregularidades relacionadas ao fornecimento de informações relativas a operação de crédito contratada (DDC),Crédito e empréstimos,105.0
NU,2025-T4,2025,trimestre,4,"Irregularidades relativas a integridade, confiabilidade, segurança, sigilo ou legitimidade das operações e serviços prestados relacionados a conta de pagamento pós-paga - instituição de pagamento","Irregularidades relativas a integridade, confiabilidade, segurança, sigilo ou legitimidade das operações e serviços prestados relacionados a conta de pagamento pós-paga",Segurança e fraude,105.0
NU,2025-T4,2025,trimestre,4,Abertura de conta de pagamento sem documentação necessária ou com documentação falsa - instituição de pagamento,Abertura de conta de pagamento sem documentação necessária ou com documentação falsa,Segurança e fraude,84.0
NU,2025-T4,2025,trimestre,4,Irregularidades no processo de encerramento de conta de pagamento - instituição de pagamento,Irregularidades no processo de encerramento de conta de pagamento,"Conta (abertura, bloqueio, encerramento)",84.0
NU,2025-T4,2025,trimestre,4,Bloqueio de valores ou de conta fora do âmbito do Pix - instituição de pagamento,Bloqueio de valores ou de conta fora do âmbito do Pix,"Conta (abertura, bloqueio, encerramento)",63.0
NU,2025-T4,2025,trimestre,4,"Irregularidades relativas a integridade, confiabilidade, segurança, sigilo ou legitimidade das operações e serviços prestados relacionados a conta de pagamento pré-paga - instituição de pagamento","Irregularidades relativas a integridade, confiabilidade, segurança, sigilo ou legitimidade das operações e serviços prestados relacionados a conta de pagamento pré-paga",Segurança e fraude,63.0
NU,2025-T4,2025,trimestre,4,Irregularidades relativas a operações de crédito de saldo devedor de fatura de cartão de crédito (rotativo e parcelamento) e respectiva cobrança de encargos,Irregularidades relativas a operações de crédito de saldo devedor de fatura de cartão de crédito (rotativo e parcelamento) e respectiva cobrança de encargos,Cartão de crédito,63.0
NU,2025-T4,2025,trimestre,4,Oferta ou prestação de informação a respeito de produtos e serviços de forma inadequada para conta de pagamento pós-paga - instituição de pagamento,Oferta ou prestação de informação a respeito de produtos e serviços de forma inadequada para conta de pagamento pós-paga,Atendimento e informação,63.0
NU,2025-T4,2025,trimestre,4,Pix - Dificuldade para solicitar ou realizar devolução - instituição de pagamento,Pix - Dificuldade para solicitar ou realizar devolução,Pix,63.0
NU,2025-T4,2025,trimestre,4,Insatisfação com a resposta recebida da instituição financeira referente à reclamação registrada no BCB,Insatisfação com a resposta recebida da instituição financeira referente à reclamação registrada no BCB,Atendimento e informação,42.0
NU,2025-T4,2025,trimestre,4,Insatisfação com o atendimento prestado pelo SAC ou Central de Relacionamento,Insatisfação com o atendimento prestado pelo SAC ou Central de Relacionamento,Atendimento e informação,42.0
NU,2025-T4,2025,trimestre,4,"Integridade, confiabilidade, segurança, sigilo e legitimidade das operações e serviços  - conta de pagamento pré-paga","Integridade, confiabilidade, segurança, sigilo e legitimidade das operações e serviços - conta de pagamento pré-paga",Segurança e fraude,42.0
NU,2025-T4,2025,trimestre,4,Irregularidades relacionadas ao Sistema de Informações de Crédito do Banco Central (SCR) - instituição de pagamento,Irregularidades relacionadas ao Sistema de Informações de Crédito do Banco Central (SCR),"Cadastros (SCR, CCS, SVR)",42.0
NU,2025-T4,2025,trimestre,4,Irregularidades relacionadas ao fornecimento de documento para liquidação antecipada de operações de crédito,Irregularidades relacionadas ao fornecimento de documento para liquidação antecipada de operações de crédito,Crédito e empréstimos,42.0
NU,2025-T4,2025,trimestre,4,Irregularidades relacionadas ao fornecimento de documentos por conta de pagamentos pós-paga - instituição de pagamento,Irregularidades relacionadas ao fornecimento de documentos por conta de pagamentos pós-paga,Atendimento e informação,42.0
NU,2025-T4,2025,trimestre,4,Abertura de conta de pagamento sem documentação necessária ou com documentação falsa,Abertura de conta de pagamento sem documentação necessária ou com documentação falsa,Segurança e fraude,21.0
NU,2025-T4,2025,trimestre,4,Bloqueio de valores ou de conta fora do âmbito do Pix,Bloqueio de valores ou de conta fora do âmbito do Pix,"Conta (abertura, bloqueio, encerramento)",21.0
NU,2025-T4,2025,trimestre,4,Cancelamento de contrato a pedido do cliente de conta de pagamento pós-paga não atendido - instituição de pagamento,Cancelamento de contrato a pedido do cliente de conta de pagamento pós-paga não atendido,"Conta (abertura, bloqueio, encerramento)",21.0
NU,2025-T4,2025,trimestre,4,Cobrança irregular de tarifa em conta de pagamento pós-paga - instituição de pagamento,Cobrança irregular de tarifa em conta de pagamento pós-paga,Tarifas e débitos,21.0
NU,2025-T4,2025,trimestre,4,Insatisfação com o atendimento prestado pelo SAC ou Central de Relacionamento - instituição de pagamento,Insatisfação com o atendimento prestado pelo SAC ou Central de Relacionamento,Atendimento e informação,21.0
NU,2025-T4,2025,trimestre,4,Irregularidades relacionadas ao Sistema de Informações de Crédito do Banco Central (SCR),Irregularidades relacionadas ao Sistema de Informações de Crédito do Banco Central (SCR),"Cadastros (SCR, CCS, SVR)",21.0
NU,2025-T4,2025,trimestre,4,Irregularidades relacionadas ao fornecimento de documentos por conta de pagamentos pré-paga - instituição de pagamento,Irregularidades relacionadas ao fornecimento de documentos por conta de pagamentos pré-paga,Atendimento e informação,21.0
NU,2025-T4,2025,trimestre,4,Irregularidades relacionadas ao fornecimento de documentos relativos a cartão de crédito,Irregularidades relacionadas ao fornecimento de documentos relativos a cartão de crédito,Cartão de crédito,21.0
NU,2025-T4,2025,trimestre,4,"Irregularidades relativas a integridade, confiabilidade, segurança, sigilo ou legitimidade das operações e serviços, exceto as relacionadas a cartão de crédito, cartão de débito, internet banking, ATM, credenciadora e operação de crédito","Irregularidades relativas a integridade, confiabilidade, segurança, sigilo ou legitimidade das operações e serviços, exceto as relacionadas a cartão de crédito, cartão de débito, internet banking, ATM, credenciadora e operação de crédito",Segurança e fraude,21.0
NU,2025-T4,2025,trimestre,4,"Irregularidades relativas a integridade, confiabilidade, segurança, sigilo ou legitimidade dos serviços relacionados a operações de crédito, exceto consignado","Irregularidades relativas a integridade, confiabilidade, segurança, sigilo ou legitimidade dos serviços relacionados a operações de crédito, exceto consignado",Segurança e fraude,21.0
NU,2025-T4,2025,trimestre,4,Oferta ou prestação de informação sobre o cartão de crédito de forma inadequada,Oferta ou prestação de informação sobre o cartão de crédito de forma inadequada,Cartão de crédito,21.0
NU,2025-T4,2025,trimestre,4,Pix - experiência do usuário - instituição de pagamento,Pix - experiência do usuário,Pix,21.0
NU,2025-T4,2025,trimestre,4,Pix - liquidação - instituição de pagamento,Pix - liquidação,Pix,21.0
BBD,2026-T1,2026,trimestre,1,"Irregularidades relativas a integridade, confiabilidade, segurança, sigilo ou legitimidade dos serviços relacionados a operações de crédito, exceto consignado","Irregularidades relativas a integridade, confiabilidade, segurança, sigilo ou legitimidade dos serviços relacionados a operações de crédito, exceto consignado",Segurança e fraude,1039.0
BBD,2026-T1,2026,trimestre,1,"Irregularidades relativas a integridade, confiabilidade, segurança, sigilo ou legitimidade das operações e serviços relacionados a cartões de crédito","Irregularidades relativas a integridade, confiabilidade, segurança, sigilo ou legitimidade das operações e serviços relacionados a cartões de crédito",Segurança e fraude,558.0
BBD,2026-T1,2026,trimestre,1,Irregularidades relativas a operações de crédito de saldo devedor de fatura de cartão de crédito (rotativo e parcelamento) e respectiva cobrança de encargos,Irregularidades relativas a operações de crédito de saldo devedor de fatura de cartão de crédito (rotativo e parcelamento) e respectiva cobrança de encargos,Cartão de crédito,403.0
BBD,2026-T1,2026,trimestre,1,Insatisfação com o atendimento prestado pelo SAC ou Central de Relacionamento,Insatisfação com o atendimento prestado pelo SAC ou Central de Relacionamento,Atendimento e informação,279.0
BBD,2026-T1,2026,trimestre,1,"Irregularidades relativas a integridade, confiabilidade, segurança, sigilo ou legitimidade dos serviços relacionados a operações de crédito consignado","Irregularidades relativas a integridade, confiabilidade, segurança, sigilo ou legitimidade dos serviços relacionados a operações de crédito consignado",Segurança e fraude,264.0
BBD,2026-T1,2026,trimestre,1,"Oferta ou prestação de informação sobre produtos e serviços de forma inadequada, exceto as relacionadas a cartão de crédito, conta e serviços acessórios, credenciadora de cartão e operação de crédito","Oferta ou prestação de informação sobre produtos e serviços de forma inadequada, exceto as relacionadas a cartão de crédito, conta e serviços acessórios, credenciadora de cartão e operação de crédito",Atendimento e informação,248.0
BBD,2026-T1,2026,trimestre,1,"Débito em conta não autorizado pelo cliente, ou não cumprimento das regras aplicáveis","Débito em conta não autorizado pelo cliente, ou não cumprimento das regras aplicáveis",Tarifas e débitos,233.0
BBD,2026-T1,2026,trimestre,1,Oferta ou prestação de informação sobre o cartão de crédito de forma inadequada,Oferta ou prestação de informação sobre o cartão de crédito de forma inadequada,Cartão de crédito,171.0
BBD,2026-T1,2026,trimestre,1,Irregularidades relacionadas ao acompanhamento de conta,Irregularidades relacionadas ao acompanhamento de conta,"Conta (abertura, bloqueio, encerramento)",140.0
BBD,2026-T1,2026,trimestre,1,Irregularidades relacionadas ao fornecimento de informações relativas a operação de crédito contratada (DDC),Irregularidades relacionadas ao fornecimento de informações relativas a operação de crédito contratada (DDC),Crédito e empréstimos,140.0
BBD,2026-T1,2026,trimestre,1,"Irregularidades relativas a integridade, confiabilidade, segurança, sigilo ou legitimidade das operações e serviços disponibilizados em internet banking","Irregularidades relativas a integridade, confiabilidade, segurança, sigilo ou legitimidade das operações e serviços disponibilizados em internet banking",Segurança e fraude,140.0
BBD,2026-T1,2026,trimestre,1,Oferta ou prestação de informação sobre a conta ou serviços acessórios de forma inadequada,Oferta ou prestação de informação sobre a conta ou serviços acessórios de forma inadequada,Atendimento e informação,140.0
BBD,2026-T1,2026,trimestre,1,Irregularidades no processo de encerramento de conta de depósitos à vista,Irregularidades no processo de encerramento de conta de depósitos à vista,"Conta (abertura, bloqueio, encerramento)",124.0
BBD,2026-T1,2026,trimestre,1,Irregularidades relacionadas ao Sistema de Informações de Crédito do Banco Central (SCR),Irregularidades relacionadas ao Sistema de Informações de Crédito do Banco Central (SCR),"Cadastros (SCR, CCS, SVR)",124.0
BBD,2026-T1,2026,trimestre,1,"Irregularidades relativas a integridade, confiabilidade, segurança, sigilo ou legitimidade das operações e serviços, exceto as relacionadas a cartão de crédito, cartão de débito, internet banking, ATM, credenciadora e operação de crédito","Irregularidades relativas a integridade, confiabilidade, segurança, sigilo ou legitimidade das operações e serviços, exceto as relacionadas a cartão de crédito, cartão de débito, internet banking, ATM, credenciadora e operação de crédito",Segurança e fraude,124.0
BBD,2026-T1,2026,trimestre,1,Oferta ou prestação de informação sobre crédito consignado de forma inadequada,Oferta ou prestação de informação sobre crédito consignado de forma inadequada,Crédito e empréstimos,124.0
BBD,2026-T1,2026,trimestre,1,Concessão de crédito (exceto consignado) sem a formalização do título adequado,Concessão de crédito (exceto consignado) sem a formalização do título adequado,Crédito e empréstimos,109.0
BBD,2026-T1,2026,trimestre,1,"Oferta ou prestação de informação sobre operação de crédito de forma inadequada, exceto crédito consignado","Oferta ou prestação de informação sobre operação de crédito de forma inadequada, exceto crédito consignado",Crédito e empréstimos,109.0
BBD,2026-T1,2026,trimestre,1,Ausência de título adequado relativo a cartão de crédito,Ausência de título adequado relativo a cartão de crédito,Cartão de crédito,93.0
BBD,2026-T1,2026,trimestre,1,Limites de transação,Limites de transação,Outros,93.0
BBD,2026-T1,2026,trimestre,1,Cobrança irregular de tarifa relacionada a conta ou serviços acessórios à conta,Cobrança irregular de tarifa relacionada a conta ou serviços acessórios à conta,Tarifas e débitos,62.0
BBD,2026-T1,2026,trimestre,1,Cobrança irregular de tarifa relacionada ao cartão de crédito,Cobrança irregular de tarifa relacionada ao cartão de crédito,Tarifas e débitos,62.0
BBD,2026-T1,2026,trimestre,1,"Irregularidades relacionadas ao fornecimento de documentos relativos a operação de crédito, exceto para liquidação antecipada e descritivo do crédito.","Irregularidades relacionadas ao fornecimento de documentos relativos a operação de crédito, exceto para liquidação antecipada e descritivo do crédito.",Crédito e empréstimos,62.0
BBD,2026-T1,2026,trimestre,1,"Abertura de conta de depósito com documentação ausente, insuficiente ou falsa","Abertura de conta de depósito com documentação ausente, insuficiente ou falsa",Segurança e fraude,47.0
BBD,2026-T1,2026,trimestre,1,Concessão de crédito consignado sem a formalização do título adequado,Concessão de crédito consignado sem a formalização do título adequado,Crédito e empréstimos,47.0
BBD,2026-T1,2026,trimestre,1,"Irregularidades relativas a integridade, confiabilidade, segurança, sigilo ou legitimidade das operações e serviços relacionados a cartões de débito","Irregularidades relativas a integridade, confiabilidade, segurança, sigilo ou legitimidade das operações e serviços relacionados a cartões de débito",Segurança e fraude,47.0
BBD,2026-T1,2026,trimestre,1,Não acatamento de solicitação de cancelamento de débitos automáticos em conta ou não cumprimento das regras aplicáveis,Não acatamento de solicitação de cancelamento de débitos automáticos em conta ou não cumprimento das regras aplicáveis,Tarifas e débitos,47.0
BBD,2026-T1,2026,trimestre,1,Inclusão de dados incorretos no CCS (Cadastro de Clientes do Sistema Financeiro Nacional),Inclusão de dados incorretos no CCS (Cadastro de Clientes do Sistema Financeiro Nacional),Outros,31.0
BBD,2026-T1,2026,trimestre,1,Irregularidades relacionadas a informações e liquidação de valores a receber no sistema SVR do BCB por parte de instituições financeiras,Irregularidades relacionadas a informações e liquidação de valores a receber no sistema SVR do BCB por parte de instituições financeiras,"Cadastros (SCR, CCS, SVR)",31.0
BBD,2026-T1,2026,trimestre,1,Irregularidades relacionadas ao fornecimento de documentos relativos a cartão de crédito,Irregularidades relacionadas ao fornecimento de documentos relativos a cartão de crédito,Cartão de crédito,31.0
BBD,2026-T1,2026,trimestre,1,Irregularidades relacionadas ao fornecimento de documentos relativos a conta,Irregularidades relacionadas ao fornecimento de documentos relativos a conta,Atendimento e informação,31.0
BBD,2026-T1,2026,trimestre,1,Pix  - chaves,Pix - chaves,Pix,31.0
BBD,2026-T1,2026,trimestre,1,"Transações não reconhecidas pelo titular da conta, realizadas por terceiros (invasão de conta) em instituições financeiras","Transações não reconhecidas pelo titular da conta, realizadas por terceiros (invasão de conta) em instituições financeiras",Segurança e fraude,31.0
BBD,2026-T1,2026,trimestre,1,Cancelamento de contrato a pedido do cliente não atendido por instituição financeira,Cancelamento de contrato a pedido do cliente não atendido por instituição financeira,"Conta (abertura, bloqueio, encerramento)",16.0
BBD,2026-T1,2026,trimestre,1,Descumprimento de prazo de bloqueio ou de prazo de devolução de cheque,Descumprimento de prazo de bloqueio ou de prazo de devolução de cheque,Outros,16.0
BBD,2026-T1,2026,trimestre,1,"Débito em conta-salário não autorizado pelo cliente, ou não cumprimento das regras aplicáveis","Débito em conta-salário não autorizado pelo cliente, ou não cumprimento das regras aplicáveis",Tarifas e débitos,16.0
BBD,2026-T1,2026,trimestre,1,Encaminhamento de instrumentos de pagamento não solicitados,Encaminhamento de instrumentos de pagamento não solicitados,Outros,16.0
BBD,2026-T1,2026,trimestre,1,Irregularidades envolvendo a abertura de conta-salário,Irregularidades envolvendo a abertura de conta-salário,"Conta (abertura, bloqueio, encerramento)",16.0
BBD,2026-T1,2026,trimestre,1,Irregularidades relacionadas ao fornecimento de documento para liquidação antecipada de operações de crédito,Irregularidades relacionadas ao fornecimento de documento para liquidação antecipada de operações de crédito,Crédito e empréstimos,16.0
BBD,2026-T1,2026,trimestre,1,Irregularidades relacionadas à liquidação de documentos (exceto cheques),Irregularidades relacionadas à liquidação de documentos (exceto cheques),Outros,16.0
BBD,2026-T1,2026,trimestre,1,"Não acatamento de solicitação de cancelamento de débitos automáticos em conta de pagamento pré-paga, ou não cumprimento das regras aplicáveis","Não acatamento de solicitação de cancelamento de débitos automáticos em conta de pagamento pré-paga, ou não cumprimento das regras aplicáveis",Tarifas e débitos,16.0
BBD,2026-T1,2026,trimestre,1,Pix - Bloqueio ou devolução de valores,Pix - Bloqueio ou devolução de valores,Pix,16.0
BBD,2026-T1,2026,trimestre,1,Pix - iniciação,Pix - iniciação,Pix,16.0
BBD,2026-T1,2026,trimestre,1,Pix - liquidação,Pix - liquidação,Pix,16.0
BBD,2026-T1,2026,trimestre,1,Restrição à realização de portabilidade de operações de crédito (exceto crédito consignado e financiamento imobiliário) relativas a pessoas naturais,Restrição à realização de portabilidade de operações de crédito (exceto crédito consignado e financiamento imobiliário) relativas a pessoas naturais,Crédito e empréstimos,16.0
ITUB,2026-T1,2026,trimestre,1,"Irregularidades relativas a integridade, confiabilidade, segurança, sigilo ou legitimidade das operações e serviços relacionados a cartões de crédito","Irregularidades relativas a integridade, confiabilidade, segurança, sigilo ou legitimidade das operações e serviços relacionados a cartões de crédito",Segurança e fraude,391.0
ITUB,2026-T1,2026,trimestre,1,"Irregularidades relativas a integridade, confiabilidade, segurança, sigilo ou legitimidade dos serviços relacionados a operações de crédito consignado","Irregularidades relativas a integridade, confiabilidade, segurança, sigilo ou legitimidade dos serviços relacionados a operações de crédito consignado",Segurança e fraude,391.0
ITUB,2026-T1,2026,trimestre,1,Irregularidades relativas a operações de crédito de saldo devedor de fatura de cartão de crédito (rotativo e parcelamento) e respectiva cobrança de encargos,Irregularidades relativas a operações de crédito de saldo devedor de fatura de cartão de crédito (rotativo e parcelamento) e respectiva cobrança de encargos,Cartão de crédito,391.0
ITUB,2026-T1,2026,trimestre,1,Insatisfação com o atendimento prestado pelo SAC ou Central de Relacionamento,Insatisfação com o atendimento prestado pelo SAC ou Central de Relacionamento,Atendimento e informação,362.0
ITUB,2026-T1,2026,trimestre,1,"Débito em conta não autorizado pelo cliente, ou não cumprimento das regras aplicáveis","Débito em conta não autorizado pelo cliente, ou não cumprimento das regras aplicáveis",Tarifas e débitos,286.0
ITUB,2026-T1,2026,trimestre,1,"Irregularidades relativas a integridade, confiabilidade, segurança, sigilo ou legitimidade dos serviços relacionados a operações de crédito, exceto consignado","Irregularidades relativas a integridade, confiabilidade, segurança, sigilo ou legitimidade dos serviços relacionados a operações de crédito, exceto consignado",Segurança e fraude,267.0
ITUB,2026-T1,2026,trimestre,1,Irregularidades relacionadas ao fornecimento de informações relativas a operação de crédito contratada (DDC),Irregularidades relacionadas ao fornecimento de informações relativas a operação de crédito contratada (DDC),Crédito e empréstimos,238.0
ITUB,2026-T1,2026,trimestre,1,Oferta ou prestação de informação sobre o cartão de crédito de forma inadequada,Oferta ou prestação de informação sobre o cartão de crédito de forma inadequada,Cartão de crédito,200.0
ITUB,2026-T1,2026,trimestre,1,"Oferta ou prestação de informação sobre operação de crédito de forma inadequada, exceto crédito consignado","Oferta ou prestação de informação sobre operação de crédito de forma inadequada, exceto crédito consignado",Crédito e empréstimos,86.0
ITUB,2026-T1,2026,trimestre,1,"Irregularidades relativas a integridade, confiabilidade, segurança, sigilo ou legitimidade das operações e serviços, exceto as relacionadas a cartão de crédito, cartão de débito, internet banking, ATM, credenciadora e operação de crédito","Irregularidades relativas a integridade, confiabilidade, segurança, sigilo ou legitimidade das operações e serviços, exceto as relacionadas a cartão de crédito, cartão de débito, internet banking, ATM, credenciadora e operação de crédito",Segurança e fraude,67.0
ITUB,2026-T1,2026,trimestre,1,Oferta ou prestação de informação sobre a conta ou serviços acessórios de forma inadequada,Oferta ou prestação de informação sobre a conta ou serviços acessórios de forma inadequada,Atendimento e informação,67.0
ITUB,2026-T1,2026,trimestre,1,Oferta ou prestação de informação sobre crédito consignado de forma inadequada,Oferta ou prestação de informação sobre crédito consignado de forma inadequada,Crédito e empréstimos,67.0
ITUB,2026-T1,2026,trimestre,1,"Oferta ou prestação de informação sobre produtos e serviços de forma inadequada, exceto as relacionadas a cartão de crédito, conta e serviços acessórios, credenciadora de cartão e operação de crédito","Oferta ou prestação de informação sobre produtos e serviços de forma inadequada, exceto as relacionadas a cartão de crédito, conta e serviços acessórios, credenciadora de cartão e operação de crédito",Atendimento e informação,57.0
ITUB,2026-T1,2026,trimestre,1,"Abertura de conta de depósito com documentação ausente, insuficiente ou falsa","Abertura de conta de depósito com documentação ausente, insuficiente ou falsa",Segurança e fraude,48.0
ITUB,2026-T1,2026,trimestre,1,Cobrança irregular de tarifa relacionada ao cartão de crédito,Cobrança irregular de tarifa relacionada ao cartão de crédito,Tarifas e débitos,48.0
ITUB,2026-T1,2026,trimestre,1,Não acatamento de solicitação de cancelamento de débitos automáticos em conta ou não cumprimento das regras aplicáveis,Não acatamento de solicitação de cancelamento de débitos automáticos em conta ou não cumprimento das regras aplicáveis,Tarifas e débitos,48.0
ITUB,2026-T1,2026,trimestre,1,Ausência de título adequado relativo a cartão de crédito,Ausência de título adequado relativo a cartão de crédito,Cartão de crédito,38.0
ITUB,2026-T1,2026,trimestre,1,Cancelamento de contrato a pedido do cliente não atendido por instituição financeira,Cancelamento de contrato a pedido do cliente não atendido por instituição financeira,"Conta (abertura, bloqueio, encerramento)",38.0
ITUB,2026-T1,2026,trimestre,1,Irregularidades relacionadas ao fornecimento de documentos relativos a cartão de crédito,Irregularidades relacionadas ao fornecimento de documentos relativos a cartão de crédito,Cartão de crédito,38.0
ITUB,2026-T1,2026,trimestre,1,"Débito em conta-salário não autorizado pelo cliente, ou não cumprimento das regras aplicáveis","Débito em conta-salário não autorizado pelo cliente, ou não cumprimento das regras aplicáveis",Tarifas e débitos,29.0
ITUB,2026-T1,2026,trimestre,1,Inclusão de dados incorretos no CCS (Cadastro de Clientes do Sistema Financeiro Nacional),Inclusão de dados incorretos no CCS (Cadastro de Clientes do Sistema Financeiro Nacional),Outros,29.0
ITUB,2026-T1,2026,trimestre,1,Concessão de crédito (exceto consignado) sem a formalização do título adequado,Concessão de crédito (exceto consignado) sem a formalização do título adequado,Crédito e empréstimos,19.0
ITUB,2026-T1,2026,trimestre,1,Concessão de crédito consignado sem a formalização do título adequado,Concessão de crédito consignado sem a formalização do título adequado,Crédito e empréstimos,19.0
ITUB,2026-T1,2026,trimestre,1,Falta de transparência na redação de documentos,Falta de transparência na redação de documentos,Atendimento e informação,19.0
ITUB,2026-T1,2026,trimestre,1,Irregularidades no processo de encerramento de conta de depósitos à vista,Irregularidades no processo de encerramento de conta de depósitos à vista,"Conta (abertura, bloqueio, encerramento)",19.0
ITUB,2026-T1,2026,trimestre,1,Irregularidades relacionadas ao Sistema de Informações de Crédito do Banco Central (SCR),Irregularidades relacionadas ao Sistema de Informações de Crédito do Banco Central (SCR),"Cadastros (SCR, CCS, SVR)",19.0
ITUB,2026-T1,2026,trimestre,1,Irregularidades relacionadas ao fornecimento de documento para liquidação antecipada de operações de crédito,Irregularidades relacionadas ao fornecimento de documento para liquidação antecipada de operações de crédito,Crédito e empréstimos,19.0
ITUB,2026-T1,2026,trimestre,1,"Irregularidades relativas a integridade, confiabilidade, segurança, sigilo ou legitimidade das operações e serviços disponibilizados em internet banking","Irregularidades relativas a integridade, confiabilidade, segurança, sigilo ou legitimidade das operações e serviços disponibilizados em internet banking",Segurança e fraude,19.0
ITUB,2026-T1,2026,trimestre,1,Limites de transação,Limites de transação,Outros,19.0
ITUB,2026-T1,2026,trimestre,1,Abertura de conta de pagamento sem documentação necessária ou com documentação falsa,Abertura de conta de pagamento sem documentação necessária ou com documentação falsa,Segurança e fraude,10.0
ITUB,2026-T1,2026,trimestre,1,"Débito em conta de pagamento pré-paga não autorizado pelo cliente, ou não cumprimento das regras aplicáveis - instituição de pagamento","Débito em conta de pagamento pré-paga não autorizado pelo cliente, ou não cumprimento das regras aplicáveis",Tarifas e débitos,10.0
ITUB,2026-T1,2026,trimestre,1,Insatisfação com a resposta recebida da instituição financeira referente à reclamação registrada no BCB,Insatisfação com a resposta recebida da instituição financeira referente à reclamação registrada no BCB,Atendimento e informação,10.0
ITUB,2026-T1,2026,trimestre,1,Irregularidades relacionadas ao acompanhamento de conta,Irregularidades relacionadas ao acompanhamento de conta,"Conta (abertura, bloqueio, encerramento)",10.0
ITUB,2026-T1,2026,trimestre,1,Irregularidades relacionadas ao fornecimento de documentos relativos a conta,Irregularidades relacionadas ao fornecimento de documentos relativos a conta,Atendimento e informação,10.0
ITUB,2026-T1,2026,trimestre,1,"Irregularidades relacionadas ao fornecimento de documentos relativos a operação de crédito, exceto para liquidação antecipada e descritivo do crédito.","Irregularidades relacionadas ao fornecimento de documentos relativos a operação de crédito, exceto para liquidação antecipada e descritivo do crédito.",Crédito e empréstimos,10.0
ITUB,2026-T1,2026,trimestre,1,"Irregularidades relacionadas ao fornecimento de outros documentos, exceto os relativos a cartão de crédito, conta e operação de crédito","Irregularidades relacionadas ao fornecimento de outros documentos, exceto os relativos a cartão de crédito, conta e operação de crédito",Atendimento e informação,10.0
ITUB,2026-T1,2026,trimestre,1,"Irregularidades relativas a integridade, confiabilidade, segurança, sigilo ou legitimidade das operações e serviços disponibilizados em ATM","Irregularidades relativas a integridade, confiabilidade, segurança, sigilo ou legitimidade das operações e serviços disponibilizados em ATM",Segurança e fraude,10.0
ITUB,2026-T1,2026,trimestre,1,"Irregularidades relativas a integridade, confiabilidade, segurança, sigilo ou legitimidade das operações e serviços relacionados a cartões de débito","Irregularidades relativas a integridade, confiabilidade, segurança, sigilo ou legitimidade das operações e serviços relacionados a cartões de débito",Segurança e fraude,10.0
ITUB,2026-T1,2026,trimestre,1,"Não acatamento de solicitação de cancelamento de débitos automáticos em conta de pagamento pré-paga, ou não cumprimento das regras aplicáveis","Não acatamento de solicitação de cancelamento de débitos automáticos em conta de pagamento pré-paga, ou não cumprimento das regras aplicáveis",Tarifas e débitos,10.0
ITUB,2026-T1,2026,trimestre,1,Prestação de serviço de forma irregular em conta-salário,Prestação de serviço de forma irregular em conta-salário,"Conta (abertura, bloqueio, encerramento)",10.0
NU,2026-T1,2026,trimestre,1,Irregularidades relacionadas ao Sistema de Informações de Crédito do Banco Central (SCR),Irregularidades relacionadas ao Sistema de Informações de Crédito do Banco Central (SCR),"Cadastros (SCR, CCS, SVR)",172.0
NU,2026-T1,2026,trimestre,1,Irregularidades relacionadas ao Sistema de Informações de Crédito do Banco Central (SCR) - instituição de pagamento,Irregularidades relacionadas ao Sistema de Informações de Crédito do Banco Central (SCR),"Cadastros (SCR, CCS, SVR)",141.0
NU,2026-T1,2026,trimestre,1,"Irregularidades relativas a integridade, confiabilidade, segurança, sigilo ou legitimidade das operações e serviços prestados relacionados a conta de pagamento pós-paga - instituição de pagamento","Irregularidades relativas a integridade, confiabilidade, segurança, sigilo ou legitimidade das operações e serviços prestados relacionados a conta de pagamento pós-paga",Segurança e fraude,125.0
NU,2026-T1,2026,trimestre,1,"Irregularidades relativas a integridade, confiabilidade, segurança, sigilo ou legitimidade das operações e serviços prestados relacionados a conta de pagamento pré-paga - instituição de pagamento","Irregularidades relativas a integridade, confiabilidade, segurança, sigilo ou legitimidade das operações e serviços prestados relacionados a conta de pagamento pré-paga",Segurança e fraude,94.0
NU,2026-T1,2026,trimestre,1,"Irregularidades relativas a integridade, confiabilidade, segurança, sigilo ou legitimidade das operações e serviços relacionados a cartões de crédito","Irregularidades relativas a integridade, confiabilidade, segurança, sigilo ou legitimidade das operações e serviços relacionados a cartões de crédito",Segurança e fraude,94.0
NU,2026-T1,2026,trimestre,1,Abertura de conta de pagamento sem documentação necessária ou com documentação falsa - instituição de pagamento,Abertura de conta de pagamento sem documentação necessária ou com documentação falsa,Segurança e fraude,63.0
NU,2026-T1,2026,trimestre,1,Bloqueio de valores ou de conta fora do âmbito do Pix,Bloqueio de valores ou de conta fora do âmbito do Pix,"Conta (abertura, bloqueio, encerramento)",47.0
NU,2026-T1,2026,trimestre,1,Abertura de conta de pagamento sem documentação necessária ou com documentação falsa,Abertura de conta de pagamento sem documentação necessária ou com documentação falsa,Segurança e fraude,31.0
NU,2026-T1,2026,trimestre,1,Bloqueio de valores ou de conta fora do âmbito do Pix - instituição de pagamento,Bloqueio de valores ou de conta fora do âmbito do Pix,"Conta (abertura, bloqueio, encerramento)",31.0
NU,2026-T1,2026,trimestre,1,Insatisfação com o atendimento prestado pelo SAC ou Central de Relacionamento,Insatisfação com o atendimento prestado pelo SAC ou Central de Relacionamento,Atendimento e informação,31.0
NU,2026-T1,2026,trimestre,1,Irregularidades no processo de encerramento de conta de pagamento - instituição de pagamento,Irregularidades no processo de encerramento de conta de pagamento,"Conta (abertura, bloqueio, encerramento)",31.0
NU,2026-T1,2026,trimestre,1,Irregularidades relacionadas ao acompanhamento de conta de pagamento - instituição de pagamento,Irregularidades relacionadas ao acompanhamento de conta de pagamento,"Conta (abertura, bloqueio, encerramento)",31.0
NU,2026-T1,2026,trimestre,1,Irregularidades relacionadas ao fornecimento de documentos - instituição de pagamento,Irregularidades relacionadas ao fornecimento de documentos,Atendimento e informação,31.0
NU,2026-T1,2026,trimestre,1,"Irregularidades relativas a integridade, confiabilidade, segurança, sigilo ou legitimidade das operações e serviços, exceto as relacionadas a cartão de crédito, cartão de débito, internet banking, ATM, credenciadora e operação de crédito","Irregularidades relativas a integridade, confiabilidade, segurança, sigilo ou legitimidade das operações e serviços, exceto as relacionadas a cartão de crédito, cartão de débito, internet banking, ATM, credenciadora e operação de crédito",Segurança e fraude,31.0
NU,2026-T1,2026,trimestre,1,"Irregularidades relativas a integridade, confiabilidade, segurança, sigilo ou legitimidade dos serviços relacionados a operações de crédito, exceto consignado","Irregularidades relativas a integridade, confiabilidade, segurança, sigilo ou legitimidade dos serviços relacionados a operações de crédito, exceto consignado",Segurança e fraude,31.0
NU,2026-T1,2026,trimestre,1,Pix - Dificuldade para solicitar ou realizar devolução - instituição de pagamento,Pix - Dificuldade para solicitar ou realizar devolução,Pix,31.0
NU,2026-T1,2026,trimestre,1,Insatisfação com o atendimento prestado pelo SAC ou Central de Relacionamento - instituição de pagamento,Insatisfação com o atendimento prestado pelo SAC ou Central de Relacionamento,Atendimento e informação,16.0
NU,2026-T1,2026,trimestre,1,"Integridade, confiabilidade, segurança, sigilo e legitimidade das operações e serviços  - conta de pagamento pré-paga","Integridade, confiabilidade, segurança, sigilo e legitimidade das operações e serviços - conta de pagamento pré-paga",Segurança e fraude,16.0
NU,2026-T1,2026,trimestre,1,Irregularidades no processo de encerramento de conta de depósitos à vista,Irregularidades no processo de encerramento de conta de depósitos à vista,"Conta (abertura, bloqueio, encerramento)",16.0
NU,2026-T1,2026,trimestre,1,Irregularidades relacionadas ao acompanhamento de conta,Irregularidades relacionadas ao acompanhamento de conta,"Conta (abertura, bloqueio, encerramento)",16.0
NU,2026-T1,2026,trimestre,1,Irregularidades relacionadas ao fornecimento de documentos por conta de pagamentos pré-paga - instituição de pagamento,Irregularidades relacionadas ao fornecimento de documentos por conta de pagamentos pré-paga,Atendimento e informação,16.0
NU,2026-T1,2026,trimestre,1,"Irregularidades relacionadas ao fornecimento de documentos relativos a operação de crédito, exceto para liquidação antecipada e descritivo do crédito.","Irregularidades relacionadas ao fornecimento de documentos relativos a operação de crédito, exceto para liquidação antecipada e descritivo do crédito.",Crédito e empréstimos,16.0
NU,2026-T1,2026,trimestre,1,Irregularidades relacionadas ao fornecimento de informações relativas a operação de crédito contratada (DDC),Irregularidades relacionadas ao fornecimento de informações relativas a operação de crédito contratada (DDC),Crédito e empréstimos,16.0
NU,2026-T1,2026,trimestre,1,"Irregularidades relacionadas ao fornecimento de outros documentos, exceto os relativos a cartão de crédito, conta e operação de crédito","Irregularidades relacionadas ao fornecimento de outros documentos, exceto os relativos a cartão de crédito, conta e operação de crédito",Atendimento e informação,16.0
NU,2026-T1,2026,trimestre,1,"Irregularidades relativas a integridade, confiabilidade, segurança, sigilo ou legitimidade das operações e serviços disponibilizados em internet banking","Irregularidades relativas a integridade, confiabilidade, segurança, sigilo ou legitimidade das operações e serviços disponibilizados em internet banking",Segurança e fraude,16.0
NU,2026-T1,2026,trimestre,1,Irregularidades relativas a operações de crédito de saldo devedor de fatura de cartão de crédito (rotativo e parcelamento) e respectiva cobrança de encargos,Irregularidades relativas a operações de crédito de saldo devedor de fatura de cartão de crédito (rotativo e parcelamento) e respectiva cobrança de encargos,Cartão de crédito,16.0
NU,2026-T1,2026,trimestre,1,Limites de transação - instituição de pagamento,Limites de transação,Outros,16.0
NU,2026-T1,2026,trimestre,1,Oferta ou prestação de informação a respeito de produtos e serviços de forma inadequada para conta de pagamento pré-paga - instituição de pagamento,Oferta ou prestação de informação a respeito de produtos e serviços de forma inadequada para conta de pagamento pré-paga,Atendimento e informação,16.0
NU,2026-T1,2026,trimestre,1,"Transações não reconhecidas pelo titular da conta, realizadas por terceiros (invasão de conta) - instituição de pagamento","Transações não reconhecidas pelo titular da conta, realizadas por terceiros (invasão de conta)",Segurança e fraude,16.0
BBD,2026-T2,2026,trimestre,2,"Irregularidades relativas a integridade, confiabilidade, segurança, sigilo ou legitimidade das operações e serviços relacionados a cartões de crédito","Irregularidades relativas a integridade, confiabilidade, segurança, sigilo ou legitimidade das operações e serviços relacionados a cartões de crédito",Segurança e fraude,1364.0
BBD,2026-T2,2026,trimestre,2,"Irregularidades relativas a integridade, confiabilidade, segurança, sigilo ou legitimidade dos serviços relacionados a operações de crédito, exceto consignado","Irregularidades relativas a integridade, confiabilidade, segurança, sigilo ou legitimidade dos serviços relacionados a operações de crédito, exceto consignado",Segurança e fraude,1136.0
BBD,2026-T2,2026,trimestre,2,"Irregularidades relativas a integridade, confiabilidade, segurança, sigilo ou legitimidade das operações e serviços disponibilizados em internet banking","Irregularidades relativas a integridade, confiabilidade, segurança, sigilo ou legitimidade das operações e serviços disponibilizados em internet banking",Segurança e fraude,625.0
BBD,2026-T2,2026,trimestre,2,Insatisfação com o atendimento prestado pelo SAC ou Central de Relacionamento,Insatisfação com o atendimento prestado pelo SAC ou Central de Relacionamento,Atendimento e informação,568.0
BBD,2026-T2,2026,trimestre,2,"Irregularidades relativas a integridade, confiabilidade, segurança, sigilo ou legitimidade dos serviços relacionados a operações de crédito consignado","Irregularidades relativas a integridade, confiabilidade, segurança, sigilo ou legitimidade dos serviços relacionados a operações de crédito consignado",Segurança e fraude,492.0
BBD,2026-T2,2026,trimestre,2,"Débito em conta não autorizado pelo cliente, ou não cumprimento das regras aplicáveis","Débito em conta não autorizado pelo cliente, ou não cumprimento das regras aplicáveis",Tarifas e débitos,379.0
BBD,2026-T2,2026,trimestre,2,Oferta ou prestação de informação sobre crédito consignado de forma inadequada,Oferta ou prestação de informação sobre crédito consignado de forma inadequada,Crédito e empréstimos,379.0
BBD,2026-T2,2026,trimestre,2,Irregularidades relacionadas ao fornecimento de informações relativas a operação de crédito contratada (DDC),Irregularidades relacionadas ao fornecimento de informações relativas a operação de crédito contratada (DDC),Crédito e empréstimos,303.0
BBD,2026-T2,2026,trimestre,2,Irregularidades no processo de encerramento de conta de depósitos à vista,Irregularidades no processo de encerramento de conta de depósitos à vista,"Conta (abertura, bloqueio, encerramento)",284.0
BBD,2026-T2,2026,trimestre,2,Irregularidades relativas a operações de crédito de saldo devedor de fatura de cartão de crédito (rotativo e parcelamento) e respectiva cobrança de encargos,Irregularidades relativas a operações de crédito de saldo devedor de fatura de cartão de crédito (rotativo e parcelamento) e respectiva cobrança de encargos,Cartão de crédito,265.0
BBD,2026-T2,2026,trimestre,2,"Oferta ou prestação de informação sobre produtos e serviços de forma inadequada, exceto as relacionadas a cartão de crédito, conta e serviços acessórios, credenciadora de cartão e operação de crédito","Oferta ou prestação de informação sobre produtos e serviços de forma inadequada, exceto as relacionadas a cartão de crédito, conta e serviços acessórios, credenciadora de cartão e operação de crédito",Atendimento e informação,246.0
BBD,2026-T2,2026,trimestre,2,Concessão de crédito (exceto consignado) sem a formalização do título adequado,Concessão de crédito (exceto consignado) sem a formalização do título adequado,Crédito e empréstimos,227.0
BBD,2026-T2,2026,trimestre,2,"Irregularidades relacionadas ao fornecimento de documentos relativos a operação de crédito, exceto para liquidação antecipada e descritivo do crédito.","Irregularidades relacionadas ao fornecimento de documentos relativos a operação de crédito, exceto para liquidação antecipada e descritivo do crédito.",Crédito e empréstimos,227.0
BBD,2026-T2,2026,trimestre,2,Oferta ou prestação de informação sobre o cartão de crédito de forma inadequada,Oferta ou prestação de informação sobre o cartão de crédito de forma inadequada,Cartão de crédito,227.0
BBD,2026-T2,2026,trimestre,2,Irregularidades relacionadas ao fornecimento de documentos relativos a cartão de crédito,Irregularidades relacionadas ao fornecimento de documentos relativos a cartão de crédito,Cartão de crédito,189.0
BBD,2026-T2,2026,trimestre,2,"Irregularidades relativas a integridade, confiabilidade, segurança, sigilo ou legitimidade das operações e serviços, exceto as relacionadas a cartão de crédito, cartão de débito, internet banking, ATM, credenciadora e operação de crédito","Irregularidades relativas a integridade, confiabilidade, segurança, sigilo ou legitimidade das operações e serviços, exceto as relacionadas a cartão de crédito, cartão de débito, internet banking, ATM, credenciadora e operação de crédito",Segurança e fraude,189.0
BBD,2026-T2,2026,trimestre,2,Irregularidades relacionadas ao acompanhamento de conta,Irregularidades relacionadas ao acompanhamento de conta,"Conta (abertura, bloqueio, encerramento)",170.0
BBD,2026-T2,2026,trimestre,2,"Transações não reconhecidas pelo titular da conta, realizadas por terceiros (invasão de conta) em instituições financeiras","Transações não reconhecidas pelo titular da conta, realizadas por terceiros (invasão de conta) em instituições financeiras",Segurança e fraude,170.0
BBD,2026-T2,2026,trimestre,2,"Oferta ou prestação de informação sobre operação de crédito de forma inadequada, exceto crédito consignado","Oferta ou prestação de informação sobre operação de crédito de forma inadequada, exceto crédito consignado",Crédito e empréstimos,152.0
BBD,2026-T2,2026,trimestre,2,"Abertura de conta de depósito com documentação ausente, insuficiente ou falsa","Abertura de conta de depósito com documentação ausente, insuficiente ou falsa",Segurança e fraude,114.0
BBD,2026-T2,2026,trimestre,2,Bloqueio de valores ou de conta fora do âmbito do Pix,Bloqueio de valores ou de conta fora do âmbito do Pix,"Conta (abertura, bloqueio, encerramento)",114.0
BBD,2026-T2,2026,trimestre,2,Insatisfação com a resposta recebida da instituição financeira referente à reclamação registrada no BCB,Insatisfação com a resposta recebida da instituição financeira referente à reclamação registrada no BCB,Atendimento e informação,114.0
BBD,2026-T2,2026,trimestre,2,Irregularidades relacionadas ao Sistema de Informações de Crédito do Banco Central (SCR),Irregularidades relacionadas ao Sistema de Informações de Crédito do Banco Central (SCR),"Cadastros (SCR, CCS, SVR)",114.0
BBD,2026-T2,2026,trimestre,2,Oferta ou prestação de informação sobre a conta ou serviços acessórios de forma inadequada,Oferta ou prestação de informação sobre a conta ou serviços acessórios de forma inadequada,Atendimento e informação,114.0
BBD,2026-T2,2026,trimestre,2,Não acatamento de solicitação de cancelamento de débitos automáticos em conta ou não cumprimento das regras aplicáveis,Não acatamento de solicitação de cancelamento de débitos automáticos em conta ou não cumprimento das regras aplicáveis,Tarifas e débitos,95.0
BBD,2026-T2,2026,trimestre,2,Restrição à realização de portabilidade de operações de crédito consignado relativas a pessoas naturais,Restrição à realização de portabilidade de operações de crédito consignado relativas a pessoas naturais,Crédito e empréstimos,95.0
BBD,2026-T2,2026,trimestre,2,Cancelamento de contrato a pedido do cliente não atendido por instituição financeira,Cancelamento de contrato a pedido do cliente não atendido por instituição financeira,"Conta (abertura, bloqueio, encerramento)",76.0
BBD,2026-T2,2026,trimestre,2,Cobrança irregular de tarifa relacionada ao cartão de crédito,Cobrança irregular de tarifa relacionada ao cartão de crédito,Tarifas e débitos,76.0
BBD,2026-T2,2026,trimestre,2,Pix - iniciação,Pix - iniciação,Pix,76.0
BBD,2026-T2,2026,trimestre,2,Ausência de título adequado relativo a cartão de crédito,Ausência de título adequado relativo a cartão de crédito,Cartão de crédito,57.0
BBD,2026-T2,2026,trimestre,2,Cobrança irregular de tarifa relacionada a conta ou serviços acessórios à conta,Cobrança irregular de tarifa relacionada a conta ou serviços acessórios à conta,Tarifas e débitos,57.0
BBD,2026-T2,2026,trimestre,2,Irregularidades relacionadas ao fornecimento de documento para liquidação antecipada de operações de crédito,Irregularidades relacionadas ao fornecimento de documento para liquidação antecipada de operações de crédito,Crédito e empréstimos,57.0
BBD,2026-T2,2026,trimestre,2,Pix - liquidação,Pix - liquidação,Pix,57.0
BBD,2026-T2,2026,trimestre,2,Recusa de cancelamento de pacote de serviços,Recusa de cancelamento de pacote de serviços,Tarifas e débitos,57.0
BBD,2026-T2,2026,trimestre,2,Concessão de crédito consignado sem a formalização do título adequado,Concessão de crédito consignado sem a formalização do título adequado,Crédito e empréstimos,38.0
BBD,2026-T2,2026,trimestre,2,"Irregularidades relacionadas ao fornecimento de outros documentos, exceto os relativos a cartão de crédito, conta e operação de crédito","Irregularidades relacionadas ao fornecimento de outros documentos, exceto os relativos a cartão de crédito, conta e operação de crédito",Atendimento e informação,38.0
BBD,2026-T2,2026,trimestre,2,"Irregularidades relativas a integridade, confiabilidade, segurança, sigilo ou legitimidade das operações e serviços disponibilizados em ATM","Irregularidades relativas a integridade, confiabilidade, segurança, sigilo ou legitimidade das operações e serviços disponibilizados em ATM",Segurança e fraude,38.0
BBD,2026-T2,2026,trimestre,2,Limites de transação,Limites de transação,Outros,38.0
BBD,2026-T2,2026,trimestre,2,"Não acatamento de solicitação de cancelamento de débitos automáticos em conta de pagamento pré-paga, ou não cumprimento das regras aplicáveis","Não acatamento de solicitação de cancelamento de débitos automáticos em conta de pagamento pré-paga, ou não cumprimento das regras aplicáveis",Tarifas e débitos,38.0
BBD,2026-T2,2026,trimestre,2,Prestação de serviço de forma irregular em conta-salário,Prestação de serviço de forma irregular em conta-salário,"Conta (abertura, bloqueio, encerramento)",38.0
BBD,2026-T2,2026,trimestre,2,Abertura de conta de pagamento sem documentação necessária ou com documentação falsa - instituição de pagamento,Abertura de conta de pagamento sem documentação necessária ou com documentação falsa,Segurança e fraude,19.0
BBD,2026-T2,2026,trimestre,2,Descumprimento de prazo de resposta da reclamação registrada no BCB,Descumprimento de prazo de resposta da reclamação registrada no BCB,Atendimento e informação,19.0
BBD,2026-T2,2026,trimestre,2,"Débito em conta de pagamento pré-paga não autorizado pelo cliente, ou não cumprimento das regras aplicáveis","Débito em conta de pagamento pré-paga não autorizado pelo cliente, ou não cumprimento das regras aplicáveis",Tarifas e débitos,19.0
BBD,2026-T2,2026,trimestre,2,"Débito em conta-salário não autorizado pelo cliente, ou não cumprimento das regras aplicáveis","Débito em conta-salário não autorizado pelo cliente, ou não cumprimento das regras aplicáveis",Tarifas e débitos,19.0
BBD,2026-T2,2026,trimestre,2,Encaminhamento de instrumentos de pagamento não solicitados,Encaminhamento de instrumentos de pagamento não solicitados,Outros,19.0
BBD,2026-T2,2026,trimestre,2,Falta de transparência na redação de documentos,Falta de transparência na redação de documentos,Atendimento e informação,19.0
BBD,2026-T2,2026,trimestre,2,Insatisfação com o atendimento prestado pelo SAC ou Central de Relacionamento - instituição de pagamento,Insatisfação com o atendimento prestado pelo SAC ou Central de Relacionamento,Atendimento e informação,19.0
BBD,2026-T2,2026,trimestre,2,"Integridade, confiabilidade, segurança, sigilo e legitimidade das operações e serviços  - conta de pagamento pré-paga","Integridade, confiabilidade, segurança, sigilo e legitimidade das operações e serviços - conta de pagamento pré-paga",Segurança e fraude,19.0
BBD,2026-T2,2026,trimestre,2,Irregularidades no processo de encerramento de conta de pagamento,Irregularidades no processo de encerramento de conta de pagamento,"Conta (abertura, bloqueio, encerramento)",19.0
BBD,2026-T2,2026,trimestre,2,Irregularidades relacionadas à liquidação de documentos (exceto cheques),Irregularidades relacionadas à liquidação de documentos (exceto cheques),Outros,19.0
BBD,2026-T2,2026,trimestre,2,"Irregularidades relativas a integridade, confiabilidade, segurança, sigilo ou legitimidade das operações e serviços relacionados a cartões de débito","Irregularidades relativas a integridade, confiabilidade, segurança, sigilo ou legitimidade das operações e serviços relacionados a cartões de débito",Segurança e fraude,19.0
BBD,2026-T2,2026,trimestre,2,Pix  - chaves,Pix - chaves,Pix,19.0
BBD,2026-T2,2026,trimestre,2,Pix - Bloqueio ou devolução de valores,Pix - Bloqueio ou devolução de valores,Pix,19.0
BBD,2026-T2,2026,trimestre,2,Pix - Dificuldade para solicitar ou realizar devolução,Pix - Dificuldade para solicitar ou realizar devolução,Pix,19.0
BBD,2026-T2,2026,trimestre,2,Pix Automático,Pix Automático,Pix,19.0
ITUB,2026-T2,2026,trimestre,2,"Irregularidades relativas a integridade, confiabilidade, segurança, sigilo ou legitimidade das operações e serviços relacionados a cartões de crédito","Irregularidades relativas a integridade, confiabilidade, segurança, sigilo ou legitimidade das operações e serviços relacionados a cartões de crédito",Segurança e fraude,701.0
ITUB,2026-T2,2026,trimestre,2,"Irregularidades relativas a integridade, confiabilidade, segurança, sigilo ou legitimidade dos serviços relacionados a operações de crédito consignado","Irregularidades relativas a integridade, confiabilidade, segurança, sigilo ou legitimidade dos serviços relacionados a operações de crédito consignado",Segurança e fraude,604.0
ITUB,2026-T2,2026,trimestre,2,Insatisfação com o atendimento prestado pelo SAC ou Central de Relacionamento,Insatisfação com o atendimento prestado pelo SAC ou Central de Relacionamento,Atendimento e informação,486.0
ITUB,2026-T2,2026,trimestre,2,Irregularidades relativas a operações de crédito de saldo devedor de fatura de cartão de crédito (rotativo e parcelamento) e respectiva cobrança de encargos,Irregularidades relativas a operações de crédito de saldo devedor de fatura de cartão de crédito (rotativo e parcelamento) e respectiva cobrança de encargos,Cartão de crédito,442.0
ITUB,2026-T2,2026,trimestre,2,"Débito em conta não autorizado pelo cliente, ou não cumprimento das regras aplicáveis","Débito em conta não autorizado pelo cliente, ou não cumprimento das regras aplicáveis",Tarifas e débitos,334.0
ITUB,2026-T2,2026,trimestre,2,"Irregularidades relativas a integridade, confiabilidade, segurança, sigilo ou legitimidade dos serviços relacionados a operações de crédito, exceto consignado","Irregularidades relativas a integridade, confiabilidade, segurança, sigilo ou legitimidade dos serviços relacionados a operações de crédito, exceto consignado",Segurança e fraude,259.0
ITUB,2026-T2,2026,trimestre,2,Oferta ou prestação de informação sobre a conta ou serviços acessórios de forma inadequada,Oferta ou prestação de informação sobre a conta ou serviços acessórios de forma inadequada,Atendimento e informação,140.0
ITUB,2026-T2,2026,trimestre,2,Não acatamento de solicitação de cancelamento de débitos automáticos em conta ou não cumprimento das regras aplicáveis,Não acatamento de solicitação de cancelamento de débitos automáticos em conta ou não cumprimento das regras aplicáveis,Tarifas e débitos,129.0
ITUB,2026-T2,2026,trimestre,2,Irregularidades relacionadas ao fornecimento de informações relativas a operação de crédito contratada (DDC),Irregularidades relacionadas ao fornecimento de informações relativas a operação de crédito contratada (DDC),Crédito e empréstimos,119.0
ITUB,2026-T2,2026,trimestre,2,"Irregularidades relativas a integridade, confiabilidade, segurança, sigilo ou legitimidade das operações e serviços, exceto as relacionadas a cartão de crédito, cartão de débito, internet banking, ATM, credenciadora e operação de crédito","Irregularidades relativas a integridade, confiabilidade, segurança, sigilo ou legitimidade das operações e serviços, exceto as relacionadas a cartão de crédito, cartão de débito, internet banking, ATM, credenciadora e operação de crédito",Segurança e fraude,119.0
ITUB,2026-T2,2026,trimestre,2,Oferta ou prestação de informação sobre o cartão de crédito de forma inadequada,Oferta ou prestação de informação sobre o cartão de crédito de forma inadequada,Cartão de crédito,119.0
ITUB,2026-T2,2026,trimestre,2,"Irregularidades relativas a integridade, confiabilidade, segurança, sigilo ou legitimidade das operações e serviços disponibilizados em internet banking","Irregularidades relativas a integridade, confiabilidade, segurança, sigilo ou legitimidade das operações e serviços disponibilizados em internet banking",Segurança e fraude,108.0
ITUB,2026-T2,2026,trimestre,2,"Oferta ou prestação de informação sobre operação de crédito de forma inadequada, exceto crédito consignado","Oferta ou prestação de informação sobre operação de crédito de forma inadequada, exceto crédito consignado",Crédito e empréstimos,108.0
ITUB,2026-T2,2026,trimestre,2,"Oferta ou prestação de informação sobre produtos e serviços de forma inadequada, exceto as relacionadas a cartão de crédito, conta e serviços acessórios, credenciadora de cartão e operação de crédito","Oferta ou prestação de informação sobre produtos e serviços de forma inadequada, exceto as relacionadas a cartão de crédito, conta e serviços acessórios, credenciadora de cartão e operação de crédito",Atendimento e informação,108.0
ITUB,2026-T2,2026,trimestre,2,"Irregularidades relacionadas ao fornecimento de documentos relativos a operação de crédito, exceto para liquidação antecipada e descritivo do crédito.","Irregularidades relacionadas ao fornecimento de documentos relativos a operação de crédito, exceto para liquidação antecipada e descritivo do crédito.",Crédito e empréstimos,86.0
ITUB,2026-T2,2026,trimestre,2,Oferta ou prestação de informação sobre crédito consignado de forma inadequada,Oferta ou prestação de informação sobre crédito consignado de forma inadequada,Crédito e empréstimos,76.0
ITUB,2026-T2,2026,trimestre,2,Insatisfação com a resposta recebida da instituição financeira referente à reclamação registrada no BCB,Insatisfação com a resposta recebida da instituição financeira referente à reclamação registrada no BCB,Atendimento e informação,54.0
ITUB,2026-T2,2026,trimestre,2,Cancelamento de contrato a pedido do cliente não atendido por instituição financeira,Cancelamento de contrato a pedido do cliente não atendido por instituição financeira,"Conta (abertura, bloqueio, encerramento)",43.0
ITUB,2026-T2,2026,trimestre,2,Cobrança irregular de tarifa relacionada ao cartão de crédito,Cobrança irregular de tarifa relacionada ao cartão de crédito,Tarifas e débitos,43.0
ITUB,2026-T2,2026,trimestre,2,Falta de transparência na redação de documentos,Falta de transparência na redação de documentos,Atendimento e informação,43.0
ITUB,2026-T2,2026,trimestre,2,Irregularidades relacionadas ao fornecimento de documentos relativos a cartão de crédito,Irregularidades relacionadas ao fornecimento de documentos relativos a cartão de crédito,Cartão de crédito,43.0
ITUB,2026-T2,2026,trimestre,2,Irregularidades no processo de encerramento de conta de depósitos à vista,Irregularidades no processo de encerramento de conta de depósitos à vista,"Conta (abertura, bloqueio, encerramento)",32.0
ITUB,2026-T2,2026,trimestre,2,"Irregularidades relativas a integridade, confiabilidade, segurança, sigilo ou legitimidade das operações e serviços relacionados a cartões de débito","Irregularidades relativas a integridade, confiabilidade, segurança, sigilo ou legitimidade das operações e serviços relacionados a cartões de débito",Segurança e fraude,32.0
ITUB,2026-T2,2026,trimestre,2,Prestação de serviço de forma irregular em conta-salário,Prestação de serviço de forma irregular em conta-salário,"Conta (abertura, bloqueio, encerramento)",32.0
ITUB,2026-T2,2026,trimestre,2,"Abertura de conta de depósito com documentação ausente, insuficiente ou falsa","Abertura de conta de depósito com documentação ausente, insuficiente ou falsa",Segurança e fraude,22.0
ITUB,2026-T2,2026,trimestre,2,Ausência de título adequado relativo a cartão de crédito,Ausência de título adequado relativo a cartão de crédito,Cartão de crédito,22.0
ITUB,2026-T2,2026,trimestre,2,Bloqueio de valores ou de conta fora do âmbito do Pix,Bloqueio de valores ou de conta fora do âmbito do Pix,"Conta (abertura, bloqueio, encerramento)",22.0
ITUB,2026-T2,2026,trimestre,2,Concessão de crédito consignado sem a formalização do título adequado,Concessão de crédito consignado sem a formalização do título adequado,Crédito e empréstimos,22.0
ITUB,2026-T2,2026,trimestre,2,Irregularidades no processo de encerramento de conta de pagamento,Irregularidades no processo de encerramento de conta de pagamento,"Conta (abertura, bloqueio, encerramento)",22.0
ITUB,2026-T2,2026,trimestre,2,Irregularidades relacionadas a informações e liquidação de valores a receber no sistema SVR do BCB por parte de instituições financeiras,Irregularidades relacionadas a informações e liquidação de valores a receber no sistema SVR do BCB por parte de instituições financeiras,"Cadastros (SCR, CCS, SVR)",22.0
ITUB,2026-T2,2026,trimestre,2,"Irregularidades relativas a integridade, confiabilidade, segurança, sigilo ou legitimidade das operações e serviços disponibilizados em ATM","Irregularidades relativas a integridade, confiabilidade, segurança, sigilo ou legitimidade das operações e serviços disponibilizados em ATM",Segurança e fraude,22.0
ITUB,2026-T2,2026,trimestre,2,Recusa ou dificuldade de acesso aos canais de atendimento convencionais,Recusa ou dificuldade de acesso aos canais de atendimento convencionais,Atendimento e informação,22.0
ITUB,2026-T2,2026,trimestre,2,Cobrança irregular de tarifa em operação de crédito,Cobrança irregular de tarifa em operação de crédito,Tarifas e débitos,11.0
ITUB,2026-T2,2026,trimestre,2,Concessão de crédito (exceto consignado) sem a formalização do título adequado,Concessão de crédito (exceto consignado) sem a formalização do título adequado,Crédito e empréstimos,11.0
ITUB,2026-T2,2026,trimestre,2,"Débito em conta de pagamento pré-paga não autorizado pelo cliente, ou não cumprimento das regras aplicáveis","Débito em conta de pagamento pré-paga não autorizado pelo cliente, ou não cumprimento das regras aplicáveis",Tarifas e débitos,11.0
ITUB,2026-T2,2026,trimestre,2,"Débito em conta-salário não autorizado pelo cliente, ou não cumprimento das regras aplicáveis","Débito em conta-salário não autorizado pelo cliente, ou não cumprimento das regras aplicáveis",Tarifas e débitos,11.0
ITUB,2026-T2,2026,trimestre,2,Inclusão de dados incorretos no CCS (Cadastro de Clientes do Sistema Financeiro Nacional),Inclusão de dados incorretos no CCS (Cadastro de Clientes do Sistema Financeiro Nacional),Outros,11.0
ITUB,2026-T2,2026,trimestre,2,Irregularidades envolvendo a abertura de conta-salário,Irregularidades envolvendo a abertura de conta-salário,"Conta (abertura, bloqueio, encerramento)",11.0
ITUB,2026-T2,2026,trimestre,2,Irregularidades relacionadas a boletos de pagamento (exceto ausência de contrato com beneficiário),Irregularidades relacionadas a boletos de pagamento (exceto ausência de contrato com beneficiário),Outros,11.0
ITUB,2026-T2,2026,trimestre,2,Irregularidades relacionadas ao Sistema de Informações de Crédito do Banco Central (SCR),Irregularidades relacionadas ao Sistema de Informações de Crédito do Banco Central (SCR),"Cadastros (SCR, CCS, SVR)",11.0
ITUB,2026-T2,2026,trimestre,2,Irregularidades relacionadas ao acompanhamento de conta,Irregularidades relacionadas ao acompanhamento de conta,"Conta (abertura, bloqueio, encerramento)",11.0
ITUB,2026-T2,2026,trimestre,2,Irregularidades relacionadas ao fornecimento de documentos relativos a conta,Irregularidades relacionadas ao fornecimento de documentos relativos a conta,Atendimento e informação,11.0
ITUB,2026-T2,2026,trimestre,2,Limites de transação,Limites de transação,Outros,11.0
ITUB,2026-T2,2026,trimestre,2,Outras irregularidades relacionadas a tarifas,Outras irregularidades relacionadas a tarifas,Tarifas e débitos,11.0
ITUB,2026-T2,2026,trimestre,2,Pix - Bloqueio ou devolução de valores,Pix - Bloqueio ou devolução de valores,Pix,11.0
ITUB,2026-T2,2026,trimestre,2,Recusa de cancelamento de pacote de serviços,Recusa de cancelamento de pacote de serviços,Tarifas e débitos,11.0
ITUB,2026-T2,2026,trimestre,2,"Utilização incorreta da taxa de desconto no cálculo do valor presente relacionadas às demais operações de crédito, exceto as de crédito consignado e de financiamento imobiliário","Utilização incorreta da taxa de desconto no cálculo do valor presente relacionadas às demais operações de crédito, exceto as de crédito consignado e de financiamento imobiliário",Crédito e empréstimos,11.0
NU,2026-T2,2026,trimestre,2,Irregularidades relacionadas ao Sistema de Informações de Crédito do Banco Central (SCR) - instituição de pagamento,Irregularidades relacionadas ao Sistema de Informações de Crédito do Banco Central (SCR),"Cadastros (SCR, CCS, SVR)",195.0
NU,2026-T2,2026,trimestre,2,Irregularidades relacionadas ao Sistema de Informações de Crédito do Banco Central (SCR),Irregularidades relacionadas ao Sistema de Informações de Crédito do Banco Central (SCR),"Cadastros (SCR, CCS, SVR)",130.0
NU,2026-T2,2026,trimestre,2,"Irregularidades relativas a integridade, confiabilidade, segurança, sigilo ou legitimidade das operações e serviços prestados relacionados a conta de pagamento pós-paga - instituição de pagamento","Irregularidades relativas a integridade, confiabilidade, segurança, sigilo ou legitimidade das operações e serviços prestados relacionados a conta de pagamento pós-paga",Segurança e fraude,130.0
NU,2026-T2,2026,trimestre,2,Abertura de conta de pagamento sem documentação necessária ou com documentação falsa - instituição de pagamento,Abertura de conta de pagamento sem documentação necessária ou com documentação falsa,Segurança e fraude,91.0
NU,2026-T2,2026,trimestre,2,Irregularidades no processo de encerramento de conta de pagamento - instituição de pagamento,Irregularidades no processo de encerramento de conta de pagamento,"Conta (abertura, bloqueio, encerramento)",65.0
NU,2026-T2,2026,trimestre,2,"Irregularidades relativas a integridade, confiabilidade, segurança, sigilo ou legitimidade das operações e serviços relacionados a cartões de crédito","Irregularidades relativas a integridade, confiabilidade, segurança, sigilo ou legitimidade das operações e serviços relacionados a cartões de crédito",Segurança e fraude,65.0
NU,2026-T2,2026,trimestre,2,"Irregularidades relativas a integridade, confiabilidade, segurança, sigilo ou legitimidade das operações e serviços prestados relacionados a conta de pagamento pré-paga - instituição de pagamento","Irregularidades relativas a integridade, confiabilidade, segurança, sigilo ou legitimidade das operações e serviços prestados relacionados a conta de pagamento pré-paga",Segurança e fraude,52.0
NU,2026-T2,2026,trimestre,2,Bloqueio de valores ou de conta fora do âmbito do Pix,Bloqueio de valores ou de conta fora do âmbito do Pix,"Conta (abertura, bloqueio, encerramento)",39.0
NU,2026-T2,2026,trimestre,2,Insatisfação com o atendimento prestado pelo SAC ou Central de Relacionamento,Insatisfação com o atendimento prestado pelo SAC ou Central de Relacionamento,Atendimento e informação,39.0
NU,2026-T2,2026,trimestre,2,Insatisfação com o atendimento prestado pelo SAC ou Central de Relacionamento - instituição de pagamento,Insatisfação com o atendimento prestado pelo SAC ou Central de Relacionamento,Atendimento e informação,39.0
NU,2026-T2,2026,trimestre,2,Irregularidades relacionadas ao acompanhamento de conta de pagamento - instituição de pagamento,Irregularidades relacionadas ao acompanhamento de conta de pagamento,"Conta (abertura, bloqueio, encerramento)",39.0
NU,2026-T2,2026,trimestre,2,"Irregularidades relativas a integridade, confiabilidade, segurança, sigilo ou legitimidade dos serviços relacionados a operações de crédito, exceto consignado","Irregularidades relativas a integridade, confiabilidade, segurança, sigilo ou legitimidade dos serviços relacionados a operações de crédito, exceto consignado",Segurança e fraude,39.0
NU,2026-T2,2026,trimestre,2,Abertura de conta de pagamento sem documentação necessária ou com documentação falsa,Abertura de conta de pagamento sem documentação necessária ou com documentação falsa,Segurança e fraude,26.0
NU,2026-T2,2026,trimestre,2,Irregularidades relacionadas ao fornecimento de informações relativas a operação de crédito contratada (DDC),Irregularidades relacionadas ao fornecimento de informações relativas a operação de crédito contratada (DDC),Crédito e empréstimos,26.0
NU,2026-T2,2026,trimestre,2,Irregularidades relacionadas ao acompanhamento de conta de pagamento,Irregularidades relacionadas ao acompanhamento de conta de pagamento,"Conta (abertura, bloqueio, encerramento)",13.0
NU,2026-T2,2026,trimestre,2,"Irregularidades relacionadas ao fornecimento de documentos relativos a operação de crédito, exceto para liquidação antecipada e descritivo do crédito.","Irregularidades relacionadas ao fornecimento de documentos relativos a operação de crédito, exceto para liquidação antecipada e descritivo do crédito.",Crédito e empréstimos,13.0
NU,2026-T2,2026,trimestre,2,"Irregularidades relativas a integridade, confiabilidade, segurança, sigilo ou legitimidade das operações e serviços disponibilizados em internet banking","Irregularidades relativas a integridade, confiabilidade, segurança, sigilo ou legitimidade das operações e serviços disponibilizados em internet banking",Segurança e fraude,13.0
NU,2026-T2,2026,trimestre,2,"Irregularidades relativas a integridade, confiabilidade, segurança, sigilo ou legitimidade das operações e serviços, exceto as relacionadas a cartão de crédito, cartão de débito, internet banking, ATM, credenciadora e operação de crédito","Irregularidades relativas a integridade, confiabilidade, segurança, sigilo ou legitimidade das operações e serviços, exceto as relacionadas a cartão de crédito, cartão de débito, internet banking, ATM, credenciadora e operação de crédito",Segurança e fraude,13.0
NU,2026-T2,2026,trimestre,2,Oferta ou prestação de informação a respeito de produtos e serviços de forma inadequada para conta de pagamento pré-paga - instituição de pagamento,Oferta ou prestação de informação a respeito de produtos e serviços de forma inadequada para conta de pagamento pré-paga,Atendimento e informação,13.0
NU,2026-T2,2026,trimestre,2,Oferta ou prestação de informação a respeito de produtos e serviços de forma inadequada para conta de pagamento pós-paga - instituição de pagamento,Oferta ou prestação de informação a respeito de produtos e serviços de forma inadequada para conta de pagamento pós-paga,Atendimento e informação,13.0
NU,2026-T2,2026,trimestre,2,Pix - Bloqueio ou devolução de valores,Pix - Bloqueio ou devolução de valores,Pix,13.0
NU,2026-T2,2026,trimestre,2,Restrição à realização de portabilidade de operações de crédito consignado relativas a pessoas naturais,Restrição à realização de portabilidade de operações de crédito consignado relativas a pessoas naturais,Crédito e empréstimos,13.0
